"communityId","conductance","modularity","memberCount","someMemberNamesShort","someMemberNames","Source Cypher File: Community_Detection/Community_Detection_9_Community_Metrics.cypher"
0,0.36,0.0008779721221857105,6,"ConflictResolution,ConflictDescription,ConflictExceptionSupplier,NoConflictResolver,ConflictResolver,ContextAwareConflictExceptionSupplier","org.axonframework.eventsourcing.conflictresolution.ConflictResolution,org.axonframework.eventsourcing.conflictresolution.ConflictDescription,org.axonframework.eventsourcing.conflictresolution.ConflictExceptionSupplier,org.axonframework.eventsourcing.conflictresolution.NoConflictResolver,org.axonframework.eventsourcing.conflictresolution.ConflictResolver,org.axonframework.eventsourcing.conflictresolution.ContextAwareConflictExceptionSupplier",""
1,0.6056009334889149,0.005948916868368385,18,"AbstractSnapshotTrigger,AbstractSnapshotter$1,AbstractSnapshotter,AbstractSnapshotter$AggregateTypeId,AbstractSnapshotter$CreateSnapshotTask,AbstractSnapshotter$RunnableAndFinally,AbstractSnapshotter$SilentTask,DeadLetterParameterResolverFactory,UnitOfWork","org.axonframework.eventsourcing.AbstractSnapshotTrigger,org.axonframework.eventsourcing.AbstractSnapshotter$1,org.axonframework.eventsourcing.AbstractSnapshotter,org.axonframework.eventsourcing.AbstractSnapshotter$AggregateTypeId,org.axonframework.eventsourcing.AbstractSnapshotter$CreateSnapshotTask,org.axonframework.eventsourcing.AbstractSnapshotter$RunnableAndFinally,org.axonframework.eventsourcing.AbstractSnapshotter$SilentTask,org.axonframework.messaging.deadletter.DeadLetterParameterResolverFactory,org.axonframework.messaging.unitofwork.UnitOfWork",""
2,0.45886493620765506,0.02081048390148466,59,"CommandMessageHandler,Registration,CommandBus,CommandMessage,NoHandlerForCommandException,SimpleCommandBus$Builder,CommandCallback,DuplicateCommandHandlerResolver,CommandBusSpanFactory","org.axonframework.commandhandling.CommandMessageHandler,org.axonframework.common.Registration,org.axonframework.commandhandling.CommandBus,org.axonframework.commandhandling.CommandMessage,org.axonframework.commandhandling.NoHandlerForCommandException,org.axonframework.commandhandling.SimpleCommandBus$Builder,org.axonframework.commandhandling.CommandCallback,org.axonframework.commandhandling.DuplicateCommandHandlerResolver,org.axonframework.commandhandling.CommandBusSpanFactory",""
3,0.5037837837837837,0.01567738379050852,63,"AnnotatedMessageHandlingMemberDefinition,CurrentUnitOfWorkParameterResolverFactory,ConcludesBatchParameterResolverFactory,SequenceNumberParameterResolverFactory,TimestampParameterResolverFactory,DefaultParameterResolverFactory,MessageIdentifierParameterResolverFactory,SourceIdParameterResolverFactory,AggregateTypeParameterResolverFactory","org.axonframework.messaging.annotation.AnnotatedMessageHandlingMemberDefinition,org.axonframework.commandhandling.CurrentUnitOfWorkParameterResolverFactory,org.axonframework.eventhandling.ConcludesBatchParameterResolverFactory,org.axonframework.eventhandling.SequenceNumberParameterResolverFactory,org.axonframework.eventhandling.TimestampParameterResolverFactory,org.axonframework.messaging.annotation.DefaultParameterResolverFactory,org.axonframework.messaging.annotation.MessageIdentifierParameterResolverFactory,org.axonframework.messaging.annotation.SourceIdParameterResolverFactory,org.axonframework.messaging.annotation.AggregateTypeParameterResolverFactory",""
4,0.7803468208092486,0.0006865012211009306,4,"Assert,AxonServerContainerUtils,MessageMonitorFactory,MessageMonitorFactoryBuilder","org.axonframework.common.Assert,org.axonframework.test.server.AxonServerContainerUtils,org.axonframework.config.MessageMonitorFactory,org.axonframework.config.MessageMonitorFactoryBuilder",""
5,0.7023809523809523,0.0009070396497580693,3,"ParameterResolverFactory,ClasspathParameterResolverFactory,MultiParameterResolverFactory","org.axonframework.messaging.annotation.ParameterResolverFactory,org.axonframework.messaging.annotation.ClasspathParameterResolverFactory,org.axonframework.messaging.annotation.MultiParameterResolverFactory",""
6,0.744874715261959,0.001988256316997805,9,"AbstractAggregateFactory,DefaultConflictResolver,Conflicts,DefaultConflictDescription,AbstractEventStore,IteratorBackedDomainEventStream,DomainEventMessage,Headers,AggregateIdentifierSpanAttributesProvider","org.axonframework.eventsourcing.AbstractAggregateFactory,org.axonframework.eventsourcing.conflictresolution.DefaultConflictResolver,org.axonframework.eventsourcing.conflictresolution.Conflicts,org.axonframework.eventsourcing.conflictresolution.DefaultConflictDescription,org.axonframework.eventsourcing.eventstore.AbstractEventStore,org.axonframework.eventsourcing.eventstore.IteratorBackedDomainEventStream,org.axonframework.eventhandling.DomainEventMessage,org.axonframework.messaging.Headers,org.axonframework.tracing.attributes.AggregateIdentifierSpanAttributesProvider",""
7,0.4241192411924119,0.014848878109290514,27,"SnapshotTrigger,AggregateCacheEntry,EventSourcedAggregate,AggregateDeletedException,CachingEventSourcingRepository,EventSourcingRepository,EventSourcingRepository$Builder,EventSourcedAggregate$IgnoreApplyMore,LockFactory","org.axonframework.eventsourcing.SnapshotTrigger,org.axonframework.eventsourcing.AggregateCacheEntry,org.axonframework.eventsourcing.EventSourcedAggregate,org.axonframework.eventsourcing.AggregateDeletedException,org.axonframework.eventsourcing.CachingEventSourcingRepository,org.axonframework.eventsourcing.EventSourcingRepository,org.axonframework.eventsourcing.EventSourcingRepository$Builder,org.axonframework.eventsourcing.EventSourcedAggregate$IgnoreApplyMore,org.axonframework.common.lock.LockFactory",""
8,0.34492753623188405,0.015930847765575202,54,"MethodCommandHandlerDefinition,DeadlineMethodMessageHandlerDefinition,ReplayAwareMessageHandlerWrapper,MessageHandlerInterceptorDefinition,MethodQueryMessageHandlerDefinition,AnnotationCommandHandlerAdapter,AnnotatedHandlerInspector,MessageHandlingMember,MessageHandlerInterceptorMemberChain","org.axonframework.commandhandling.MethodCommandHandlerDefinition,org.axonframework.deadline.annotation.DeadlineMethodMessageHandlerDefinition,org.axonframework.eventhandling.replay.ReplayAwareMessageHandlerWrapper,org.axonframework.messaging.annotation.MessageHandlerInterceptorDefinition,org.axonframework.queryhandling.annotation.MethodQueryMessageHandlerDefinition,org.axonframework.commandhandling.AnnotationCommandHandlerAdapter,org.axonframework.messaging.annotation.AnnotatedHandlerInspector,org.axonframework.messaging.annotation.MessageHandlingMember,org.axonframework.messaging.annotation.MessageHandlerInterceptorMemberChain",""
9,0.5798090040927695,0.00546524992921399,14,"AggregateFactory,EventStore,NoSnapshotTriggerDefinition,SnapshotTriggerDefinition,NoSnapshotTriggerDefinition$1,NoSnapshotTriggerDefinition$NoSnapshotTrigger,CommandHandlerInvoker,CommandHandlerInvoker$1,CommandHandlerInvoker$DisruptorRepository","org.axonframework.eventsourcing.AggregateFactory,org.axonframework.eventsourcing.eventstore.EventStore,org.axonframework.eventsourcing.NoSnapshotTriggerDefinition,org.axonframework.eventsourcing.SnapshotTriggerDefinition,org.axonframework.eventsourcing.NoSnapshotTriggerDefinition$1,org.axonframework.eventsourcing.NoSnapshotTriggerDefinition$NoSnapshotTrigger,org.axonframework.disruptor.commandhandling.CommandHandlerInvoker,org.axonframework.disruptor.commandhandling.CommandHandlerInvoker$1,org.axonframework.disruptor.commandhandling.CommandHandlerInvoker$DisruptorRepository",""
10,0.4723458359821996,0.03816034876242988,81,"PersistentStreamSequencingPolicyProvider,BuilderUtils,RollbackConfiguration,MessageHandlerInterceptorSupport,MessageHandlerInterceptor,DefaultInterceptorChain,AbstractRetryScheduler$Builder,AbstractRetryScheduler,EventMessage","org.axonframework.axonserver.connector.event.axon.PersistentStreamSequencingPolicyProvider,org.axonframework.common.BuilderUtils,org.axonframework.messaging.unitofwork.RollbackConfiguration,org.axonframework.messaging.MessageHandlerInterceptorSupport,org.axonframework.messaging.MessageHandlerInterceptor,org.axonframework.messaging.DefaultInterceptorChain,org.axonframework.commandhandling.gateway.AbstractRetryScheduler$Builder,org.axonframework.commandhandling.gateway.AbstractRetryScheduler,org.axonframework.eventhandling.EventMessage",""
11,0.4291557113643003,0.03188076554152353,49,"Snapshotter,SnapshotterSpanFactory,ServerConnectorConfigurerModule,HeartbeatConfiguration,ManagedChannelCustomizer,EventProcessorInfoConfiguration,MessageDispatchInterceptorSupport,NoTransactionManager,Distributed","org.axonframework.eventsourcing.Snapshotter,org.axonframework.eventsourcing.SnapshotterSpanFactory,org.axonframework.axonserver.connector.ServerConnectorConfigurerModule,org.axonframework.axonserver.connector.heartbeat.HeartbeatConfiguration,org.axonframework.axonserver.connector.ManagedChannelCustomizer,org.axonframework.axonserver.connector.event.axon.EventProcessorInfoConfiguration,org.axonframework.messaging.MessageDispatchInterceptorSupport,org.axonframework.common.transaction.NoTransactionManager,org.axonframework.messaging.Distributed",""
12,0.5714285714285714,0.00043887736320974874,2,"DefaultSnapshotterSpanFactory$Builder,DefaultSnapshotterSpanFactory","org.axonframework.eventsourcing.DefaultSnapshotterSpanFactory$Builder,org.axonframework.eventsourcing.DefaultSnapshotterSpanFactory",""
13,0.45067207709865587,0.03447981357601387,90,"PriorityRunnable,ProcessingInstructionHelper,GrpcObjectSerializer$Serializer,GrpcPayloadSerializer,GrpcPayloadSerializer$1,GrpcMetadataSerializer,ExceptionSerializer,GrpcObjectSerializer,UpstreamAwareStreamObserver","org.axonframework.axonserver.connector.PriorityRunnable,org.axonframework.axonserver.connector.util.ProcessingInstructionHelper,org.axonframework.axonserver.connector.util.GrpcObjectSerializer$Serializer,org.axonframework.axonserver.connector.util.GrpcPayloadSerializer,org.axonframework.axonserver.connector.util.GrpcPayloadSerializer$1,org.axonframework.axonserver.connector.util.GrpcMetadataSerializer,org.axonframework.axonserver.connector.util.ExceptionSerializer,org.axonframework.axonserver.connector.util.GrpcObjectSerializer,org.axonframework.axonserver.connector.util.UpstreamAwareStreamObserver",""
14,0.5741710296684118,0.004362312165673116,10,"SequenceEventStorageEngine$ConcatenatingSpliterator,EventBuffer$SimpleSpliterator,EventBuffer,BlockingStream,TrackedEventMessage,MultiStreamableMessageSource$MultiSourceBlockingStream,MultiStreamableMessageSource$SourceIdAwareBlockingStream,TrackingEventProcessor$WrappedMessageStream,TrackingEventStream","org.axonframework.eventsourcing.eventstore.SequenceEventStorageEngine$ConcatenatingSpliterator,org.axonframework.axonserver.connector.event.axon.EventBuffer$SimpleSpliterator,org.axonframework.axonserver.connector.event.axon.EventBuffer,org.axonframework.common.stream.BlockingStream,org.axonframework.eventhandling.TrackedEventMessage,org.axonframework.eventhandling.MultiStreamableMessageSource$MultiSourceBlockingStream,org.axonframework.eventhandling.MultiStreamableMessageSource$SourceIdAwareBlockingStream,org.axonframework.eventhandling.TrackingEventProcessor$WrappedMessageStream,org.axonframework.eventhandling.TrackingEventStream",""
15,0.39285714285714285,0.002476083344222498,6,"DomainEventStream,FilteringDomainEventStream,ConcatenatingDomainEventStream,DomainEventStream$1,DomainEventStream$2,SequenceEventStorageEngine$ConcatenatingDomainEventStream","org.axonframework.eventsourcing.eventstore.DomainEventStream,org.axonframework.eventsourcing.eventstore.FilteringDomainEventStream,org.axonframework.eventsourcing.eventstore.ConcatenatingDomainEventStream,org.axonframework.eventsourcing.eventstore.DomainEventStream$1,org.axonframework.eventsourcing.eventstore.DomainEventStream$2,org.axonframework.eventsourcing.eventstore.SequenceEventStorageEngine$ConcatenatingDomainEventStream",""
16,0.6421052631578947,0.0012343415760099554,3,"EventStreamUtils,EventUtils,IntermediateEventRepresentation","org.axonframework.eventsourcing.EventStreamUtils,org.axonframework.eventhandling.EventUtils,org.axonframework.serialization.upcasting.event.IntermediateEventRepresentation",""
17,0.5,0.0018557238609758497,2,"UnitOfWork$Phase,AbstractUnitOfWork","org.axonframework.messaging.unitofwork.UnitOfWork$Phase,org.axonframework.messaging.unitofwork.AbstractUnitOfWork",""
18,0.41913214990138065,0.020211364354203416,26,"TransactionManager,Segment,EventTrackerStatusChangeListener,RemovedTrackerStatus,TrackingEventProcessor,TokenStore,TrackingEventProcessor$MergeSegmentInstruction,TrackingEventProcessor$SplitSegmentInstruction,TrackingEventProcessor$TrackingSegmentWorker","org.axonframework.common.transaction.TransactionManager,org.axonframework.eventhandling.Segment,org.axonframework.eventhandling.EventTrackerStatusChangeListener,org.axonframework.eventhandling.RemovedTrackerStatus,org.axonframework.eventhandling.TrackingEventProcessor,org.axonframework.eventhandling.tokenstore.TokenStore,org.axonframework.eventhandling.TrackingEventProcessor$MergeSegmentInstruction,org.axonframework.eventhandling.TrackingEventProcessor$SplitSegmentInstruction,org.axonframework.eventhandling.TrackingEventProcessor$TrackingSegmentWorker",""
19,0.5591397849462365,0.0014914733906191092,6,"AbstractSnapshotter$Builder,AggregateSnapshotter$1,AggregateSnapshotter$Builder,AggregateSnapshotter,AggregateSnapshotter$SnapshotAggregate,DirectExecutor","org.axonframework.eventsourcing.AbstractSnapshotter$Builder,org.axonframework.eventsourcing.AggregateSnapshotter$1,org.axonframework.eventsourcing.AggregateSnapshotter$Builder,org.axonframework.eventsourcing.AggregateSnapshotter,org.axonframework.eventsourcing.AggregateSnapshotter$SnapshotAggregate,org.axonframework.common.DirectExecutor",""
20,0.46919431279620855,0.006024401248076688,29,"SQLErrorCodesResolver,PropertyAccessStrategy,DirectPropertyAccessStrategy,BlobToInputStreamConverter,InputStreamToByteArrayConverter,AxonConfigurationException,ReflectionUtils,Digester,MemberAccessibilityCallback","org.axonframework.eventsourcing.eventstore.jpa.SQLErrorCodesResolver,org.axonframework.eventsourcing.eventstore.legacyjpa.SQLErrorCodesResolver,org.axonframework.common.property.PropertyAccessStrategy,org.axonframework.common.property.DirectPropertyAccessStrategy,org.axonframework.serialization.converters.BlobToInputStreamConverter,org.axonframework.serialization.converters.InputStreamToByteArrayConverter,org.axonframework.common.AxonConfigurationException,org.axonframework.common.ReflectionUtils,org.axonframework.common.digest.Digester",""
21,0.32269503546099293,0.006895354208660871,32,"ErrorCode$ExceptionBuilder,ErrorCode,AxonServerQueryDispatchException,InstructionAckSource,AxonServerRemoteQueryHandlingException,AxonServerNonTransientRemoteQueryHandlingException,AxonServerNonTransientRemoteCommandHandlingException,AxonServerRemoteCommandHandlingException,AxonServerCommandDispatchException","org.axonframework.axonserver.connector.ErrorCode$ExceptionBuilder,org.axonframework.axonserver.connector.ErrorCode,org.axonframework.axonserver.connector.query.AxonServerQueryDispatchException,org.axonframework.axonserver.connector.InstructionAckSource,org.axonframework.axonserver.connector.query.AxonServerRemoteQueryHandlingException,org.axonframework.axonserver.connector.query.AxonServerNonTransientRemoteQueryHandlingException,org.axonframework.axonserver.connector.command.AxonServerNonTransientRemoteCommandHandlingException,org.axonframework.axonserver.connector.command.AxonServerRemoteCommandHandlingException,org.axonframework.axonserver.connector.command.AxonServerCommandDispatchException",""
22,0.7379310344827587,0.0020260919164702055,11,"GrpcMetaData,GrpcBackedQueryUpdateMessage,GrpcBackedCommandMessage,MetaData,GenericDomainEventMessage,MetaData$1,MetaData$MetaDataCollector,SimpleCorrelationDataProvider,AbstractXStreamSerializer$MetaDataConverter","org.axonframework.axonserver.connector.util.GrpcMetaData,org.axonframework.axonserver.connector.query.subscription.GrpcBackedQueryUpdateMessage,org.axonframework.axonserver.connector.command.GrpcBackedCommandMessage,org.axonframework.messaging.MetaData,org.axonframework.eventhandling.GenericDomainEventMessage,org.axonframework.messaging.MetaData$1,org.axonframework.messaging.MetaData$MetaDataCollector,org.axonframework.messaging.correlation.SimpleCorrelationDataProvider,org.axonframework.serialization.AbstractXStreamSerializer$MetaDataConverter",""
23,0.5527950310559007,0.001311083625506411,13,"IncompatibleAggregateException,GenericAggregateFactory,AxonNonTransientException,LifecycleHandlerInvocationException,JSR303ViolationException,CompletedEmitterException,MatcherExecutionException,ConflictingAggregateVersionException,AggregateEntityNotFoundException","org.axonframework.eventsourcing.IncompatibleAggregateException,org.axonframework.eventsourcing.GenericAggregateFactory,org.axonframework.common.AxonNonTransientException,org.axonframework.lifecycle.LifecycleHandlerInvocationException,org.axonframework.messaging.interceptors.JSR303ViolationException,org.axonframework.messaging.interceptors.legacyvalidation.JSR303ViolationException,org.axonframework.queryhandling.CompletedEmitterException,org.axonframework.test.matchers.MatcherExecutionException,org.axonframework.modelling.command.ConflictingAggregateVersionException",""
24,0.2903225806451613,0.0004029472527484668,2,"AggregateLoadTimeSnapshotTriggerDefinition$AggregateLoadTimeSnapshotTrigger,AggregateLoadTimeSnapshotTriggerDefinition","org.axonframework.eventsourcing.AggregateLoadTimeSnapshotTriggerDefinition$AggregateLoadTimeSnapshotTrigger,org.axonframework.eventsourcing.AggregateLoadTimeSnapshotTriggerDefinition",""
25,0.6647398843930635,0.0010531104523213727,4,"HandlerDefinition,ClasspathHandlerDefinition,PriorityAnnotationComparator,MultiHandlerDefinition","org.axonframework.messaging.annotation.HandlerDefinition,org.axonframework.messaging.annotation.ClasspathHandlerDefinition,org.axonframework.common.annotation.PriorityAnnotationComparator,org.axonframework.messaging.annotation.MultiHandlerDefinition",""
26,0.38005390835579517,0.012231784882181218,26,"Cache,ConnectionProvider,DataSourceConnectionProvider,JdbcAutoConfiguration,AssociationValues,AssociationValue,SagaLifecycle,AssociationValuesImpl,SagaStorageException","org.axonframework.common.caching.Cache,org.axonframework.common.jdbc.ConnectionProvider,org.axonframework.common.jdbc.DataSourceConnectionProvider,org.axonframework.springboot.autoconfig.JdbcAutoConfiguration,org.axonframework.modelling.saga.AssociationValues,org.axonframework.modelling.saga.AssociationValue,org.axonframework.modelling.saga.SagaLifecycle,org.axonframework.modelling.saga.AssociationValuesImpl,org.axonframework.modelling.saga.SagaStorageException",""
27,0.639686684073107,0.002480315337538498,5,"AggregateTestFixture$IdentifierValidatingRepository,AbstractRepository,Aggregate,Repository,AggregateScopeDescriptor","org.axonframework.test.aggregate.AggregateTestFixture$IdentifierValidatingRepository,org.axonframework.modelling.command.AbstractRepository,org.axonframework.modelling.command.Aggregate,org.axonframework.modelling.command.Repository,org.axonframework.modelling.command.AggregateScopeDescriptor",""
28,0.37142857142857144,0.002404803069347049,5,"NoOpLock,Lock,LockingRepository,LockAwareAggregate$LockSupplier,LockAwareAggregate","org.axonframework.common.lock.NoOpLock,org.axonframework.common.lock.Lock,org.axonframework.modelling.command.LockingRepository,org.axonframework.modelling.command.LockAwareAggregate$LockSupplier,org.axonframework.modelling.command.LockAwareAggregate",""
29,0.36,0.0002930773813382036,2,"EventCountSnapshotTriggerDefinition$EventCountSnapshotTrigger,EventCountSnapshotTriggerDefinition","org.axonframework.eventsourcing.EventCountSnapshotTriggerDefinition$EventCountSnapshotTrigger,org.axonframework.eventsourcing.EventCountSnapshotTriggerDefinition",""
30,0.5555555555555556,7.329462977258417e-05,3,"EventSourcingHandler,EventHandler,SagaEventHandler","org.axonframework.eventsourcing.EventSourcingHandler,org.axonframework.eventhandling.EventHandler,org.axonframework.modelling.saga.SagaEventHandler",""
31,0.5657894736842105,0.0012020473845381484,3,"EventStorageEngine,FilteringEventStorageEngine,SequenceEventStorageEngine","org.axonframework.eventsourcing.eventstore.EventStorageEngine,org.axonframework.eventsourcing.FilteringEventStorageEngine,org.axonframework.eventsourcing.eventstore.SequenceEventStorageEngine",""
32,0.518664047151277,0.008633715268417263,12,"InMemoryEventStorageEngine$MapEntrySpliterator,TrackingToken,GenericTrackedDomainEventMessage,GenericTrackedEventMessage,MergedTrackingToken,WrappedToken,ReplayToken,MultiSourceTrackingToken,MultiStreamableMessageSource$Builder","org.axonframework.eventsourcing.eventstore.inmemory.InMemoryEventStorageEngine$MapEntrySpliterator,org.axonframework.eventhandling.TrackingToken,org.axonframework.eventhandling.GenericTrackedDomainEventMessage,org.axonframework.eventhandling.GenericTrackedEventMessage,org.axonframework.eventhandling.MergedTrackingToken,org.axonframework.eventhandling.WrappedToken,org.axonframework.eventhandling.ReplayToken,org.axonframework.eventhandling.MultiSourceTrackingToken,org.axonframework.eventhandling.MultiStreamableMessageSource$Builder",""
33,0.46500189178963297,0.02357212112070645,58,"AbstractSnapshotEventEntry$PK,AbstractSnapshotEventEntry,EqualRevisionPredicate,GrpcMetaDataConverter,GrpcMetaDataConverter$1,GrpcMetaDataAwareSerializer,GrpcBackedDomainEventData,Serializer,SerializedObject","org.axonframework.eventsourcing.eventstore.AbstractSnapshotEventEntry$PK,org.axonframework.eventsourcing.eventstore.AbstractSnapshotEventEntry,org.axonframework.eventsourcing.eventstore.EqualRevisionPredicate,org.axonframework.axonserver.connector.util.GrpcMetaDataConverter,org.axonframework.axonserver.connector.util.GrpcMetaDataConverter$1,org.axonframework.axonserver.connector.event.axon.GrpcMetaDataAwareSerializer,org.axonframework.axonserver.connector.event.axon.GrpcBackedDomainEventData,org.axonframework.serialization.Serializer,org.axonframework.serialization.SerializedObject",""
34,0.36768963520555875,0.019014716919215205,50,"SnapshotFilter,EventStoreException,AbstractEventStorageEngine$Builder,AbstractEventStorageEngine,BatchingEventStorageEngine,BatchingEventStorageEngine$1,BatchingEventStorageEngine$Builder,BatchingEventStorageEngine$EventStreamSpliterator,CreateTokenAtStatementBuilder","org.axonframework.eventsourcing.snapshotting.SnapshotFilter,org.axonframework.eventsourcing.eventstore.EventStoreException,org.axonframework.eventsourcing.eventstore.AbstractEventStorageEngine$Builder,org.axonframework.eventsourcing.eventstore.AbstractEventStorageEngine,org.axonframework.eventsourcing.eventstore.BatchingEventStorageEngine,org.axonframework.eventsourcing.eventstore.BatchingEventStorageEngine$1,org.axonframework.eventsourcing.eventstore.BatchingEventStorageEngine$Builder,org.axonframework.eventsourcing.eventstore.BatchingEventStorageEngine$EventStreamSpliterator,org.axonframework.eventsourcing.eventstore.jdbc.statements.CreateTokenAtStatementBuilder",""
35,0.5985663082437276,0.002026856665718893,6,"GrpcBackedQueryMessage,GrpcBackedSubscriptionQueryMessage,SerializedMessage,LazyDeserializingObject,SerializationException,JsonNodeToObjectNodeConverter","org.axonframework.axonserver.connector.query.GrpcBackedQueryMessage,org.axonframework.axonserver.connector.query.subscription.GrpcBackedSubscriptionQueryMessage,org.axonframework.serialization.SerializedMessage,org.axonframework.serialization.LazyDeserializingObject,org.axonframework.serialization.SerializationException,org.axonframework.serialization.json.JsonNodeToObjectNodeConverter",""
36,0.375,0.0001832185981200348,2,"MultiStreamableMessageSource$Builder,MultiStreamableMessageSource","org.axonframework.eventsourcing.MultiStreamableMessageSource$Builder,org.axonframework.eventsourcing.MultiStreamableMessageSource",""
37,0.5536480686695279,0.005554931226872879,14,"AbstractEventStore$Builder,EmbeddedEventStore$Builder,AxonServerEventStore$Builder,AxonServerEventStoreFactory$Builder,AxonServerEventStoreFactory,AxonServerEventStoreFactory$AxonServerEventStoreConfiguration,MessageMonitor,EventBusSpanFactory,AbstractEventBus$Builder","org.axonframework.eventsourcing.eventstore.AbstractEventStore$Builder,org.axonframework.eventsourcing.eventstore.EmbeddedEventStore$Builder,org.axonframework.eventsourcing.eventstore.legacyjpa.EmbeddedEventStore$Builder,org.axonframework.axonserver.connector.event.axon.AxonServerEventStore$Builder,org.axonframework.axonserver.connector.event.axon.AxonServerEventStoreFactory$Builder,org.axonframework.axonserver.connector.event.axon.AxonServerEventStoreFactory,org.axonframework.axonserver.connector.event.axon.AxonServerEventStoreFactory$AxonServerEventStoreConfiguration,org.axonframework.monitoring.MessageMonitor,org.axonframework.eventhandling.EventBusSpanFactory",""
38,0.5102040816326531,0.001312532482606736,6,"XStreamSerializer,AbstractXStreamSerializer$Builder,CompactDriver,XStreamSerializer$Builder,XStreamSecurityTypeUtility,XStreamAutoConfiguration","org.axonframework.serialization.xml.XStreamSerializer,org.axonframework.serialization.AbstractXStreamSerializer$Builder,org.axonframework.serialization.xml.CompactDriver,org.axonframework.serialization.xml.XStreamSerializer$Builder,org.axonframework.springboot.util.XStreamSecurityTypeUtility,org.axonframework.springboot.autoconfig.XStreamAutoConfiguration",""
39,0.2425249169435216,0.004148902772520985,6,"EmbeddedEventStore,EmbeddedEventStore$1,EmbeddedEventStore$Cleaner,EmbeddedEventStore$Node,EmbeddedEventStore$EventConsumer,EmbeddedEventStore$EventProducer","org.axonframework.eventsourcing.eventstore.EmbeddedEventStore,org.axonframework.eventsourcing.eventstore.EmbeddedEventStore$1,org.axonframework.eventsourcing.eventstore.EmbeddedEventStore$Cleaner,org.axonframework.eventsourcing.eventstore.EmbeddedEventStore$Node,org.axonframework.eventsourcing.eventstore.EmbeddedEventStore$EventConsumer,org.axonframework.eventsourcing.eventstore.EmbeddedEventStore$EventProducer",""
40,0.34726688102893893,0.007312172117707694,9,"IOUtils,Coordinator$1,Coordinator$Builder,Coordinator,Coordinator$EventFilter,Coordinator$CoordinationTask,Coordinator$RunState,MaxSegmentProvider,Dom4JToByteArrayConverter","org.axonframework.common.io.IOUtils,org.axonframework.eventhandling.pooled.Coordinator$1,org.axonframework.eventhandling.pooled.Coordinator$Builder,org.axonframework.eventhandling.pooled.Coordinator,org.axonframework.eventhandling.pooled.Coordinator$EventFilter,org.axonframework.eventhandling.pooled.Coordinator$CoordinationTask,org.axonframework.eventhandling.pooled.Coordinator$RunState,org.axonframework.eventhandling.pooled.MaxSegmentProvider,org.axonframework.serialization.xml.Dom4JToByteArrayConverter",""
41,0.43289224952741023,0.005405110263340947,15,"AxonServerConfiguration$Eventhandling,FlowControllingStreamObserver,AxonServerConfiguration$FlowControlConfiguration,AxonServerConfiguration,ExecutorServiceBuilder,AxonServerConfiguration$Builder,AxonServerConnectionManager$Builder,AxonServerConfiguration$HeartbeatConfiguration,AxonServerConfiguration$EventStoreConfiguration","org.axonframework.axonserver.connector.AxonServerConfiguration$Eventhandling,org.axonframework.axonserver.connector.util.FlowControllingStreamObserver,org.axonframework.axonserver.connector.AxonServerConfiguration$FlowControlConfiguration,org.axonframework.axonserver.connector.AxonServerConfiguration,org.axonframework.axonserver.connector.util.ExecutorServiceBuilder,org.axonframework.axonserver.connector.AxonServerConfiguration$Builder,org.axonframework.axonserver.connector.AxonServerConnectionManager$Builder,org.axonframework.axonserver.connector.AxonServerConfiguration$HeartbeatConfiguration,org.axonframework.axonserver.connector.AxonServerConfiguration$EventStoreConfiguration",""
42,0.2463157894736842,0.00648649392547374,11,"JdbcEventStorageEngineStatements,AbstractEventTableFactory,EventSchema,EventSchema$1,EventSchema$Builder,HsqlEventTableFactory,TimestampWriter,MySqlEventTableFactory,Oracle11EventTableFactory","org.axonframework.eventsourcing.eventstore.jdbc.statements.JdbcEventStorageEngineStatements,org.axonframework.eventsourcing.eventstore.jdbc.AbstractEventTableFactory,org.axonframework.eventsourcing.eventstore.jdbc.EventSchema,org.axonframework.eventsourcing.eventstore.jdbc.EventSchema$1,org.axonframework.eventsourcing.eventstore.jdbc.EventSchema$Builder,org.axonframework.eventsourcing.eventstore.jdbc.HsqlEventTableFactory,org.axonframework.eventsourcing.eventstore.jdbc.statements.TimestampWriter,org.axonframework.eventsourcing.eventstore.jdbc.MySqlEventTableFactory,org.axonframework.eventsourcing.eventstore.jdbc.Oracle11EventTableFactory",""
43,0.3212520593080725,0.0074283491543847,9,"DateTimeUtils,DeadLetterSchema$Builder,DeadLetterSchema,DeadLetterTableFactory,DefaultDeadLetterJdbcConverter$Builder,DefaultDeadLetterJdbcConverter,DefaultDeadLetterStatementFactory$Builder,DefaultDeadLetterStatementFactory,GenericDeadLetterTableFactory","org.axonframework.common.DateTimeUtils,org.axonframework.eventhandling.deadletter.jdbc.DeadLetterSchema$Builder,org.axonframework.eventhandling.deadletter.jdbc.DeadLetterSchema,org.axonframework.eventhandling.deadletter.jdbc.DeadLetterTableFactory,org.axonframework.eventhandling.deadletter.jdbc.DefaultDeadLetterJdbcConverter$Builder,org.axonframework.eventhandling.deadletter.jdbc.DefaultDeadLetterJdbcConverter,org.axonframework.eventhandling.deadletter.jdbc.DefaultDeadLetterStatementFactory$Builder,org.axonframework.eventhandling.deadletter.jdbc.DefaultDeadLetterStatementFactory,org.axonframework.eventhandling.deadletter.jdbc.GenericDeadLetterTableFactory",""
44,0.37275064267352187,0.008741886294396347,15,"JdbcUtils$SqlFunction,JdbcUtils$SqlResultConverter,JdbcUtils,AbstractTokenEntry,GenericTokenEntry,UnableToRetrieveIdentifierException,GenericTokenTableFactory,JdbcTokenStore$Builder,JdbcTokenStore","org.axonframework.common.jdbc.JdbcUtils$SqlFunction,org.axonframework.common.jdbc.JdbcUtils$SqlResultConverter,org.axonframework.common.jdbc.JdbcUtils,org.axonframework.eventhandling.tokenstore.AbstractTokenEntry,org.axonframework.eventhandling.tokenstore.GenericTokenEntry,org.axonframework.eventhandling.tokenstore.UnableToRetrieveIdentifierException,org.axonframework.eventhandling.tokenstore.jdbc.GenericTokenTableFactory,org.axonframework.eventhandling.tokenstore.jdbc.JdbcTokenStore$Builder,org.axonframework.eventhandling.tokenstore.jdbc.JdbcTokenStore",""
45,0.6666666666666666,0.0007645449571480957,2,"InMemoryEventStorageEngine,GlobalSequenceTrackingToken","org.axonframework.eventsourcing.eventstore.inmemory.InMemoryEventStorageEngine,org.axonframework.eventhandling.GlobalSequenceTrackingToken",""
46,0.41003671970624234,0.008611002282932413,17,"EntityManagerProvider,SimpleEntityManagerProvider,UnableToClaimTokenException,ConfigToken,JpaTokenStore$Builder,JpaTokenStore,TokenEntry$PK,TokenEntry,ContainerManagedEntityManagerProvider","org.axonframework.common.jpa.EntityManagerProvider,org.axonframework.common.jpa.SimpleEntityManagerProvider,org.axonframework.common.legacyjpa.EntityManagerProvider,org.axonframework.common.legacyjpa.SimpleEntityManagerProvider,org.axonframework.eventhandling.tokenstore.UnableToClaimTokenException,org.axonframework.eventhandling.tokenstore.ConfigToken,org.axonframework.eventhandling.tokenstore.jpa.JpaTokenStore$Builder,org.axonframework.eventhandling.tokenstore.jpa.JpaTokenStore,org.axonframework.eventhandling.tokenstore.jpa.TokenEntry$PK",""
47,0.22448979591836735,0.004150302236765617,6,"EmbeddedEventStore$1,EmbeddedEventStore,EmbeddedEventStore$Cleaner,EmbeddedEventStore$Node,EmbeddedEventStore$EventConsumer,EmbeddedEventStore$EventProducer","org.axonframework.eventsourcing.eventstore.legacyjpa.EmbeddedEventStore$1,org.axonframework.eventsourcing.eventstore.legacyjpa.EmbeddedEventStore,org.axonframework.eventsourcing.eventstore.legacyjpa.EmbeddedEventStore$Cleaner,org.axonframework.eventsourcing.eventstore.legacyjpa.EmbeddedEventStore$Node,org.axonframework.eventsourcing.eventstore.legacyjpa.EmbeddedEventStore$EventConsumer,org.axonframework.eventsourcing.eventstore.legacyjpa.EmbeddedEventStore$EventProducer",""
48,0.42105263157894735,0.0004027849619369044,2,"RevisionSnapshotFilter$Builder,RevisionSnapshotFilter","org.axonframework.eventsourcing.snapshotting.RevisionSnapshotFilter$Builder,org.axonframework.eventsourcing.snapshotting.RevisionSnapshotFilter",""
49,0.3333333333333333,0.0010606235424798296,4,"RoutingKey,AnnotationRoutingStrategy$Builder,AnnotationRoutingStrategy,AnnotationRoutingStrategy$RoutingKeyResolver","org.axonframework.commandhandling.RoutingKey,org.axonframework.commandhandling.distributed.AnnotationRoutingStrategy$Builder,org.axonframework.commandhandling.distributed.AnnotationRoutingStrategy,org.axonframework.commandhandling.distributed.AnnotationRoutingStrategy$RoutingKeyResolver",""
50,0.456656346749226,0.012307101594984823,34,"DisposableResult,MessageMonitor$MonitorCallback,NoOpMessageMonitor,ResponseType,OptionalResponseType,ResponseTypes,PublisherResponseType,NoOpMessageMonitorCallback,QueryMessage","org.axonframework.axonserver.connector.query.subscription.DisposableResult,org.axonframework.monitoring.MessageMonitor$MonitorCallback,org.axonframework.monitoring.NoOpMessageMonitor,org.axonframework.messaging.responsetypes.ResponseType,org.axonframework.messaging.responsetypes.OptionalResponseType,org.axonframework.messaging.responsetypes.ResponseTypes,org.axonframework.messaging.responsetypes.PublisherResponseType,org.axonframework.monitoring.NoOpMessageMonitorCallback,org.axonframework.queryhandling.QueryMessage",""
51,0.4925373134328358,0.0006217273629441026,2,"InMemoryTokenStore$ProcessAndSegment,InMemoryTokenStore","org.axonframework.eventhandling.tokenstore.inmemory.InMemoryTokenStore$ProcessAndSegment,org.axonframework.eventhandling.tokenstore.inmemory.InMemoryTokenStore",""
52,0.5,0.0004026196470729527,2,"LoggingQueryInvocationErrorHandler$Builder,LoggingQueryInvocationErrorHandler","org.axonframework.queryhandling.LoggingQueryInvocationErrorHandler$Builder,org.axonframework.queryhandling.LoggingQueryInvocationErrorHandler",""
53,0.6657681940700808,0.0022267290563529594,6,"AxonServerEventStore,AxonServerEventStore$AxonServerMessageSource,AxonServerEventStore$AxonIQEventStorageEngine,AxonServerEventStore$AxonIQEventStorageEngine$Builder,AxonServerEventStore$1,AxonServerEventStore$AxonIQEventStorageEngine$1","org.axonframework.axonserver.connector.event.axon.AxonServerEventStore,org.axonframework.axonserver.connector.event.axon.AxonServerEventStore$AxonServerMessageSource,org.axonframework.axonserver.connector.event.axon.AxonServerEventStore$AxonIQEventStorageEngine,org.axonframework.axonserver.connector.event.axon.AxonServerEventStore$AxonIQEventStorageEngine$Builder,org.axonframework.axonserver.connector.event.axon.AxonServerEventStore$1,org.axonframework.axonserver.connector.event.axon.AxonServerEventStore$AxonIQEventStorageEngine$1",""
54,0.5,0.0014215989640988923,5,"AxonServerConfiguration$Eventhandling$ProcessorSettings,StreamingEventProcessorInfoMessage,EventProcessorControlService,EventProcessorControlService$AxonProcessorInstructionHandler,StreamingEventProcessor","org.axonframework.axonserver.connector.AxonServerConfiguration$Eventhandling$ProcessorSettings,org.axonframework.axonserver.connector.processor.StreamingEventProcessorInfoMessage,org.axonframework.axonserver.connector.processor.EventProcessorControlService,org.axonframework.axonserver.connector.processor.EventProcessorControlService$AxonProcessorInstructionHandler,org.axonframework.eventhandling.StreamingEventProcessor",""
55,0.30434782608695654,0.0002931096378970235,4,"PriorityExecutorService,PriorityCallable,PriorityTaskSchedulers,PriorityTask","org.axonframework.axonserver.connector.util.PriorityExecutorService,org.axonframework.axonserver.connector.PriorityCallable,org.axonframework.axonserver.connector.util.PriorityTaskSchedulers,org.axonframework.axonserver.connector.PriorityTask",""
56,0.5675675675675675,0.0002928273930073498,2,"GrpcSerializedObject,GrpcSerializedObject$1","org.axonframework.axonserver.connector.util.GrpcSerializedObject,org.axonframework.axonserver.connector.util.GrpcSerializedObject$1",""
57,0,0.00032983944221238093,2,"TokenAddingInterceptor$1,TokenAddingInterceptor","org.axonframework.axonserver.connector.util.TokenAddingInterceptor$1,org.axonframework.axonserver.connector.util.TokenAddingInterceptor",""
58,0,0.00010997067315657519,2,"GrpcBufferingInterceptor$AdditionalMessageRequestingCall,GrpcBufferingInterceptor","org.axonframework.axonserver.connector.util.GrpcBufferingInterceptor$AdditionalMessageRequestingCall,org.axonframework.axonserver.connector.util.GrpcBufferingInterceptor",""
59,0.3548387096774194,0.0003662863296264226,2,"EventCipher,EventStoreClientException","org.axonframework.axonserver.connector.event.util.EventCipher,org.axonframework.axonserver.connector.event.util.EventStoreClientException",""
60,0.38461538461538464,0.00043942001261072853,2,"AxonServerConfiguration$PersistentStreamSettings,PersistentStreamMessageSourceRegistrar","org.axonframework.axonserver.connector.AxonServerConfiguration$PersistentStreamSettings,org.axonframework.springboot.autoconfig.PersistentStreamMessageSourceRegistrar",""
61,0,0.00032983944221238093,2,"ContextAddingInterceptor$1,ContextAddingInterceptor","org.axonframework.axonserver.connector.util.ContextAddingInterceptor$1,org.axonframework.axonserver.connector.util.ContextAddingInterceptor",""
62,0.26666666666666666,0.00040296774910355025,4,"Scheduler,Scheduler$ScheduledTask,HeartbeatMonitor,HeartbeatMonitor$DefaultScheduler","org.axonframework.axonserver.connector.util.Scheduler,org.axonframework.axonserver.connector.util.Scheduler$ScheduledTask,org.axonframework.axonserver.connector.heartbeat.HeartbeatMonitor,org.axonframework.axonserver.connector.heartbeat.HeartbeatMonitor$DefaultScheduler",""
63,0.30434782608695654,0.0002931096378970235,3,"ActiveGrpcChannelChecker,HeartbeatConnectionChecker,ConnectionSanityChecker","org.axonframework.axonserver.connector.heartbeat.connection.checker.ActiveGrpcChannelChecker,org.axonframework.axonserver.connector.heartbeat.connection.checker.HeartbeatConnectionChecker,org.axonframework.axonserver.connector.heartbeat.ConnectionSanityChecker",""
64,0.3333333333333333,3.665789906965485e-05,2,"GrpcHeartbeatSource,HeartbeatSource","org.axonframework.axonserver.connector.heartbeat.source.GrpcHeartbeatSource,org.axonframework.axonserver.connector.heartbeat.HeartbeatSource",""
65,0,3.665957909876005e-05,2,"DefaultHandlers,Handlers","org.axonframework.axonserver.connector.DefaultHandlers,org.axonframework.axonserver.connector.Handlers",""
66,0.4875,0.004431877802843797,10,"SubscriptionQueryMessage,SubscriptionQueryUpdateMessage,QueryUpdateEmitterSpanFactory,FluxSinkWrapper,SinkWrapper,QueryUpdateEmitter,UpdateHandlerRegistration,SimpleQueryUpdateEmitter$Builder,SimpleQueryUpdateEmitter","org.axonframework.queryhandling.SubscriptionQueryMessage,org.axonframework.queryhandling.SubscriptionQueryUpdateMessage,org.axonframework.queryhandling.QueryUpdateEmitterSpanFactory,org.axonframework.queryhandling.FluxSinkWrapper,org.axonframework.queryhandling.SinkWrapper,org.axonframework.queryhandling.QueryUpdateEmitter,org.axonframework.queryhandling.UpdateHandlerRegistration,org.axonframework.queryhandling.SimpleQueryUpdateEmitter$Builder,org.axonframework.queryhandling.SimpleQueryUpdateEmitter",""
67,0.5416666666666666,0.00040249599693080993,3,"AbstractResponseType,InstanceResponseType,MultipleInstancesResponseType","org.axonframework.messaging.responsetypes.AbstractResponseType,org.axonframework.messaging.responsetypes.InstanceResponseType,org.axonframework.messaging.responsetypes.MultipleInstancesResponseType",""
68,0.26783625730994154,0.011229240281873994,26,"MessageDispatchInterceptor,FutureCallback,AbstractCommandGateway,AbstractCommandGateway$Builder,RetryScheduler,CommandGatewayFactory$1,CommandGatewayFactory$Builder,CommandGatewayFactory,CommandGatewayFactory$DispatchOnInvocationHandler$Builder","org.axonframework.messaging.MessageDispatchInterceptor,org.axonframework.commandhandling.callbacks.FutureCallback,org.axonframework.commandhandling.gateway.AbstractCommandGateway,org.axonframework.commandhandling.gateway.AbstractCommandGateway$Builder,org.axonframework.commandhandling.gateway.RetryScheduler,org.axonframework.commandhandling.gateway.CommandGatewayFactory$1,org.axonframework.commandhandling.gateway.CommandGatewayFactory$Builder,org.axonframework.commandhandling.gateway.CommandGatewayFactory,org.axonframework.commandhandling.gateway.CommandGatewayFactory$DispatchOnInvocationHandler$Builder",""
69,0.539568345323741,0.0011666575714370988,4,"GrpcExceptionParser,AxonServerEventScheduler$Builder,AxonServerEventScheduler,SimpleScheduleToken","org.axonframework.axonserver.connector.event.util.GrpcExceptionParser,org.axonframework.axonserver.connector.event.axon.AxonServerEventScheduler$Builder,org.axonframework.axonserver.connector.event.axon.AxonServerEventScheduler,org.axonframework.eventhandling.scheduling.java.SimpleScheduleToken",""
70,0.4098360655737705,0.0006586463385367056,3,"WrappedTrackerStatus,EventTrackerStatus,AddedTrackerStatus","org.axonframework.eventhandling.WrappedTrackerStatus,org.axonframework.eventhandling.EventTrackerStatus,org.axonframework.eventhandling.AddedTrackerStatus",""
71,0.6428571428571429,0.0003655555169656603,2,"DefaultEventBusSpanFactory$Builder,DefaultEventBusSpanFactory","org.axonframework.eventhandling.DefaultEventBusSpanFactory$Builder,org.axonframework.eventhandling.DefaultEventBusSpanFactory",""
72,0.25,0.000219879521242079,3,"QueryResultStreamAdapter,QueryResultStream,QueryResult","org.axonframework.axonserver.connector.event.axon.QueryResultStreamAdapter,org.axonframework.axonserver.connector.event.axon.QueryResultStream,org.axonframework.axonserver.connector.event.axon.QueryResult",""
73,0.4117647058823529,0.0012783741308397983,3,"PersistentStreamConnection$SegmentConnection,PersistentStreamConnection,PersistentStreamMessageSource","org.axonframework.axonserver.connector.event.axon.PersistentStreamConnection$SegmentConnection,org.axonframework.axonserver.connector.event.axon.PersistentStreamConnection,org.axonframework.axonserver.connector.event.axon.PersistentStreamMessageSource",""
74,0.7241379310344828,0.00014636111159268213,2,"DefaultIdentifierFactory,IdentifierFactory","org.axonframework.common.DefaultIdentifierFactory,org.axonframework.common.IdentifierFactory",""
75,0.625,0.00010989675187594637,2,"PersistentStreamMessageSourceDefinition,PersistentStreamMessageSourceFactory","org.axonframework.axonserver.connector.event.axon.PersistentStreamMessageSourceDefinition,org.axonframework.axonserver.connector.event.axon.PersistentStreamMessageSourceFactory",""
76,0.5305555555555556,0.00602151058999828,17,"PersistentStreamScheduledExecutorBuilder,EventProcessorProperties$ProcessorSettings,EventProcessorProperties,EventProcessorProperties$DlqCache,DeadLetterQueueProviderConfigurerModule,EventProcessorProperties$Dlq,ConditionalOnMissingQualifiedBean,AxonServerAutoConfiguration,AxonAutoConfiguration","org.axonframework.axonserver.connector.event.axon.PersistentStreamScheduledExecutorBuilder,org.axonframework.springboot.EventProcessorProperties$ProcessorSettings,org.axonframework.springboot.EventProcessorProperties,org.axonframework.springboot.EventProcessorProperties$DlqCache,org.axonframework.springboot.util.DeadLetterQueueProviderConfigurerModule,org.axonframework.springboot.EventProcessorProperties$Dlq,org.axonframework.springboot.util.ConditionalOnMissingQualifiedBean,org.axonframework.springboot.autoconfig.AxonServerAutoConfiguration,org.axonframework.springboot.autoconfig.AxonAutoConfiguration",""
77,0.6687370600414079,0.002854487387778911,11,"ExecutionException,ScopeDescriptor,ScopeAwareProvider,ScopeAware,DbSchedulerDeadlineManager$Builder,DbSchedulerDeadlineManager,DbSchedulerDeadlineToken,DeadlineManagerNotSuppliedException,DbSchedulerDeadlineManagerSupplier","org.axonframework.messaging.ExecutionException,org.axonframework.messaging.ScopeDescriptor,org.axonframework.messaging.ScopeAwareProvider,org.axonframework.messaging.ScopeAware,org.axonframework.deadline.dbscheduler.DbSchedulerDeadlineManager$Builder,org.axonframework.deadline.dbscheduler.DbSchedulerDeadlineManager,org.axonframework.deadline.dbscheduler.DbSchedulerDeadlineToken,org.axonframework.deadline.dbscheduler.DeadlineManagerNotSuppliedException,org.axonframework.deadline.dbscheduler.DbSchedulerDeadlineManagerSupplier",""
78,0.38461538461538464,0.0001465869075044211,3,"UniformPropertyAccessStrategy,BeanPropertyAccessStrategy,AbstractMethodPropertyAccessStrategy","org.axonframework.common.property.UniformPropertyAccessStrategy,org.axonframework.common.property.BeanPropertyAccessStrategy,org.axonframework.common.property.AbstractMethodPropertyAccessStrategy",""
79,0.40816326530612246,0.001059939770634013,3,"HandlerEnhancerDefinition,MultiHandlerEnhancerDefinition,ClasspathHandlerEnhancerDefinition","org.axonframework.messaging.annotation.HandlerEnhancerDefinition,org.axonframework.messaging.annotation.MultiHandlerEnhancerDefinition,org.axonframework.messaging.annotation.ClasspathHandlerEnhancerDefinition",""
80,0.5,0.00018317021328180503,6,"HasHandlerAttributes,AllowReplay,DisallowReplay,ResultHandler,EndSaga,StartSaga","org.axonframework.messaging.annotation.HasHandlerAttributes,org.axonframework.eventhandling.AllowReplay,org.axonframework.eventhandling.DisallowReplay,org.axonframework.messaging.interceptors.ResultHandler,org.axonframework.modelling.saga.EndSaga,org.axonframework.modelling.saga.StartSaga",""
81,0.6428571428571429,0.0005475429897574042,2,"InterceptorChainParameterResolverFactory,InterceptorChain","org.axonframework.messaging.annotation.InterceptorChainParameterResolverFactory,org.axonframework.messaging.InterceptorChain",""
82,0.5574468085106383,0.0018878120808793592,4,"ExecutionResult,BatchingUnitOfWork,MessageProcessingContext,DisruptorUnitOfWork","org.axonframework.messaging.unitofwork.ExecutionResult,org.axonframework.messaging.unitofwork.BatchingUnitOfWork,org.axonframework.messaging.unitofwork.MessageProcessingContext,org.axonframework.disruptor.commandhandling.DisruptorUnitOfWork",""
83,0.4838709677419355,0.00029296448338233416,3,"TrackingTokenParameterResolverFactory,TrackingTokenParameterResolverFactory$1,TrackingTokenParameterResolverFactory$TrackingTokenParameterResolver","org.axonframework.eventhandling.TrackingTokenParameterResolverFactory,org.axonframework.eventhandling.TrackingTokenParameterResolverFactory$1,org.axonframework.eventhandling.TrackingTokenParameterResolverFactory$TrackingTokenParameterResolver",""
84,0.1875,0.0004762479306258297,4,"ReplayParameterResolverFactory,ReplayStatus,ReplayParameterResolverFactory$1,ReplayParameterResolverFactory$ReplayParameterResolver","org.axonframework.eventhandling.replay.ReplayParameterResolverFactory,org.axonframework.eventhandling.ReplayStatus,org.axonframework.eventhandling.replay.ReplayParameterResolverFactory$1,org.axonframework.eventhandling.replay.ReplayParameterResolverFactory$ReplayParameterResolver",""
85,0.5,0.0001465576749979906,3,"ReplayContextParameterResolverFactory,ReplayContext,ReplayContextParameterResolverFactory$ReplayContextParameterResolver","org.axonframework.eventhandling.replay.ReplayContextParameterResolverFactory,org.axonframework.eventhandling.replay.ReplayContext,org.axonframework.eventhandling.replay.ReplayContextParameterResolverFactory$ReplayContextParameterResolver",""
86,0.3103448275862069,0.00036632665032494737,3,"ResultParameterResolverFactory,ResultParameterResolverFactory$1,ResultParameterResolverFactory$ExceptionResultParameterResolver","org.axonframework.messaging.annotation.ResultParameterResolverFactory,org.axonframework.messaging.annotation.ResultParameterResolverFactory$1,org.axonframework.messaging.annotation.ResultParameterResolverFactory$ExceptionResultParameterResolver",""
87,0.46153846153846156,0.00025639932191928635,3,"ScopeDescriptorParameterResolverFactory,ScopeDescriptorParameterResolverFactory$1,ScopeDescriptorParameterResolverFactory$ScopeDescriptorParameterResolver","org.axonframework.messaging.annotation.ScopeDescriptorParameterResolverFactory,org.axonframework.messaging.annotation.ScopeDescriptorParameterResolverFactory$1,org.axonframework.messaging.annotation.ScopeDescriptorParameterResolverFactory$ScopeDescriptorParameterResolver",""
88,0.28832318760376313,0.022475830896329034,30,"JdbcException,DeadLetter,EnqueueDecision,SequencedDeadLetterQueue,ThrowableCause,GenericDeadLetter,DeadLetterJdbcConverter,JdbcDeadLetter,DeadLetterStatementFactory","org.axonframework.common.jdbc.JdbcException,org.axonframework.messaging.deadletter.DeadLetter,org.axonframework.messaging.deadletter.EnqueueDecision,org.axonframework.messaging.deadletter.SequencedDeadLetterQueue,org.axonframework.messaging.deadletter.ThrowableCause,org.axonframework.messaging.deadletter.GenericDeadLetter,org.axonframework.eventhandling.deadletter.jdbc.DeadLetterJdbcConverter,org.axonframework.eventhandling.deadletter.jdbc.JdbcDeadLetter,org.axonframework.eventhandling.deadletter.jdbc.DeadLetterStatementFactory",""
89,0.19617224880382775,0.003064840471982861,10,"ContentTypeConverter,ByteArrayToInputStreamConverter,ByteArrayToStringConverter,StringToByteArrayConverter,ChainingConverter,ChainedConverter$1,ChainedConverter$Route,ChainedConverter$RouteCalculator,ChainedConverter","org.axonframework.serialization.ContentTypeConverter,org.axonframework.serialization.converters.ByteArrayToInputStreamConverter,org.axonframework.serialization.converters.ByteArrayToStringConverter,org.axonframework.serialization.converters.StringToByteArrayConverter,org.axonframework.serialization.ChainingConverter,org.axonframework.serialization.ChainedConverter$1,org.axonframework.serialization.ChainedConverter$Route,org.axonframework.serialization.ChainedConverter$RouteCalculator,org.axonframework.serialization.ChainedConverter",""
90,0.13846153846153847,0.0010250862228233435,5,"RollbackConfigurationType,RollbackConfigurationType$1,RollbackConfigurationType$2,RollbackConfigurationType$3,RollbackConfigurationType$4","org.axonframework.messaging.unitofwork.RollbackConfigurationType,org.axonframework.messaging.unitofwork.RollbackConfigurationType$1,org.axonframework.messaging.unitofwork.RollbackConfigurationType$2,org.axonframework.messaging.unitofwork.RollbackConfigurationType$3,org.axonframework.messaging.unitofwork.RollbackConfigurationType$4",""
91,0.3719512195121951,0.003739926231319775,15,"SpanAttributesProvider,MessageIdSpanAttributesProvider,MessageTypeSpanAttributesProvider,MetadataSpanAttributesProvider,PayloadTypeSpanAttributesProvider,TracingProperties$SagaManagerProperties,TracingProperties$DeadlineManagerProperties,TracingProperties$SnapshotterProperties,AxonTracingAutoConfiguration","org.axonframework.tracing.SpanAttributesProvider,org.axonframework.tracing.attributes.MessageIdSpanAttributesProvider,org.axonframework.tracing.attributes.MessageTypeSpanAttributesProvider,org.axonframework.tracing.attributes.MetadataSpanAttributesProvider,org.axonframework.tracing.attributes.PayloadTypeSpanAttributesProvider,org.axonframework.springboot.TracingProperties$SagaManagerProperties,org.axonframework.springboot.TracingProperties$DeadlineManagerProperties,org.axonframework.springboot.TracingProperties$SnapshotterProperties,org.axonframework.springboot.autoconfig.AxonTracingAutoConfiguration",""
92,0.11764705882352941,0.0005495254241015408,4,"TypeReflectionUtils,TypeReflectionUtils$VarMap$ParameterizedTypeImpl,TypeReflectionUtils$VarMap,TypeReflectionUtils$VarMap$UnresolvedTypeVariableException","org.axonframework.common.TypeReflectionUtils,org.axonframework.common.TypeReflectionUtils$VarMap$ParameterizedTypeImpl,org.axonframework.common.TypeReflectionUtils$VarMap,org.axonframework.common.TypeReflectionUtils$VarMap$UnresolvedTypeVariableException",""
93,0.16981132075471697,0.0016093052559647387,6,"Member,ConsistentHash$1,ConsistentHash$ConsistentHashMember,ConsistentHash,ConsistentHashChangeListener,SimpleMember","org.axonframework.commandhandling.distributed.Member,org.axonframework.commandhandling.distributed.ConsistentHash$1,org.axonframework.commandhandling.distributed.ConsistentHash$ConsistentHashMember,org.axonframework.commandhandling.distributed.ConsistentHash,org.axonframework.commandhandling.distributed.ConsistentHashChangeListener,org.axonframework.commandhandling.distributed.SimpleMember",""
94,0.3333333333333333,0.000585800612541031,3,"CommandBusConnectorCommunicationException,CommandCallbackRepository,CommandCallbackWrapper","org.axonframework.commandhandling.distributed.CommandBusConnectorCommunicationException,org.axonframework.commandhandling.distributed.CommandCallbackRepository,org.axonframework.commandhandling.distributed.CommandCallbackWrapper",""
95,0.20245398773006135,0.002374032664273659,8,"AndCommandMessageFilter,NegateCommandMessageFilter,OrCommandMessageFilter,CommandMessageFilter,DenyAll,CommandNameFilter,DenyCommandNameFilter,AcceptAll","org.axonframework.commandhandling.distributed.commandfilter.AndCommandMessageFilter,org.axonframework.commandhandling.distributed.commandfilter.NegateCommandMessageFilter,org.axonframework.commandhandling.distributed.commandfilter.OrCommandMessageFilter,org.axonframework.commandhandling.distributed.CommandMessageFilter,org.axonframework.commandhandling.distributed.commandfilter.DenyAll,org.axonframework.commandhandling.distributed.commandfilter.CommandNameFilter,org.axonframework.commandhandling.distributed.commandfilter.DenyCommandNameFilter,org.axonframework.commandhandling.distributed.commandfilter.AcceptAll",""
96,0.40540540540540543,0.00040281016237348247,2,"MetaDataRoutingStrategy$Builder,MetaDataRoutingStrategy","org.axonframework.commandhandling.distributed.MetaDataRoutingStrategy$Builder,org.axonframework.commandhandling.distributed.MetaDataRoutingStrategy",""
97,0.09210526315789473,0.0025218406169317397,7,"DeadlockException,LockAcquisitionFailedException,PessimisticLockFactory$1,PessimisticLockFactory,PessimisticLockFactory$Builder,PessimisticLockFactory$DisposableLock,PessimisticLockFactory$PubliclyOwnedReentrantLock","org.axonframework.common.lock.DeadlockException,org.axonframework.common.lock.LockAcquisitionFailedException,org.axonframework.common.lock.PessimisticLockFactory$1,org.axonframework.common.lock.PessimisticLockFactory,org.axonframework.common.lock.PessimisticLockFactory$Builder,org.axonframework.common.lock.PessimisticLockFactory$DisposableLock,org.axonframework.common.lock.PessimisticLockFactory$PubliclyOwnedReentrantLock",""
98,0.42857142857142855,7.330538195885746e-05,2,"AxonNonTransientExceptionClassesPredicate,NonTransientExceptionClassesPredicate","org.axonframework.commandhandling.gateway.AxonNonTransientExceptionClassesPredicate,org.axonframework.commandhandling.gateway.NonTransientExceptionClassesPredicate",""
99,0.3076923076923077,0.0003297211681633748,2,"ExponentialBackOffIntervalRetryScheduler$Builder,ExponentialBackOffIntervalRetryScheduler","org.axonframework.commandhandling.gateway.ExponentialBackOffIntervalRetryScheduler$Builder,org.axonframework.commandhandling.gateway.ExponentialBackOffIntervalRetryScheduler",""
100,0.3076923076923077,0.0003297211681633748,2,"IntervalRetryScheduler$Builder,IntervalRetryScheduler","org.axonframework.commandhandling.gateway.IntervalRetryScheduler$Builder,org.axonframework.commandhandling.gateway.IntervalRetryScheduler",""
101,0.1016949152542373,0.003867343670728037,13,"AbstractCacheAdapter,Cache$EntryListenerAdapter,Cache$EntryListener,EhCache3Adapter$1,EhCache3Adapter,EhCache3Adapter$CacheEventListenerAdapter,EhCacheAdapter$CacheEventListenerAdapter,EhCacheAdapter,JCacheAdapter$JCacheListenerAdapter","org.axonframework.common.caching.AbstractCacheAdapter,org.axonframework.common.caching.Cache$EntryListenerAdapter,org.axonframework.common.caching.Cache$EntryListener,org.axonframework.common.caching.EhCache3Adapter$1,org.axonframework.common.caching.EhCache3Adapter,org.axonframework.common.caching.EhCache3Adapter$CacheEventListenerAdapter,org.axonframework.common.caching.EhCacheAdapter$CacheEventListenerAdapter,org.axonframework.common.caching.EhCacheAdapter,org.axonframework.common.caching.JCacheAdapter$JCacheListenerAdapter",""
102,0.1724137931034483,0.0004396484965690358,3,"ConnectionWrapperFactory$ConnectionCloseHandler,ConnectionWrapperFactory$NoOpCloseHandler,ConnectionWrapperFactory","org.axonframework.common.jdbc.ConnectionWrapperFactory$ConnectionCloseHandler,org.axonframework.common.jdbc.ConnectionWrapperFactory$NoOpCloseHandler,org.axonframework.common.jdbc.ConnectionWrapperFactory",""
103,0.3333333333333333,0.0006589168232226429,3,"PagingJdbcIterable$PagingIterator,PagingJdbcIterable$PagingStatementSupplier,PagingJdbcIterable","org.axonframework.common.jdbc.PagingJdbcIterable$PagingIterator,org.axonframework.common.jdbc.PagingJdbcIterable$PagingStatementSupplier,org.axonframework.common.jdbc.PagingJdbcIterable",""
104,0.3103448275862069,0.00036632665032494737,2,"PagingJpaQueryIterable$PagingIterator,PagingJpaQueryIterable","org.axonframework.common.jpa.PagingJpaQueryIterable$PagingIterator,org.axonframework.common.jpa.PagingJpaQueryIterable",""
105,0.3103448275862069,0.00036632665032494737,2,"PagingJpaQueryIterable$PagingIterator,PagingJpaQueryIterable","org.axonframework.common.legacyjpa.PagingJpaQueryIterable$PagingIterator,org.axonframework.common.legacyjpa.PagingJpaQueryIterable",""
106,0.5,0.0001465576749979906,2,"MethodAccessedProperty,PropertyAccessException","org.axonframework.common.property.MethodAccessedProperty,org.axonframework.common.property.PropertyAccessException",""
107,0.42857142857142855,0.000146577835347253,2,"StreamUtils,StreamUtils$1","org.axonframework.common.stream.StreamUtils,org.axonframework.common.stream.StreamUtils$1",""
108,0.5867158671586716,0.004007316975656925,8,"AbstractDeadlineManager,DeadlineMessage,ResultValidatorImpl,PayloadMatcher,MapEntryMatcher,ResultValidator,MapEntryMatcher$Matching,EqualsMatcher","org.axonframework.deadline.AbstractDeadlineManager,org.axonframework.deadline.DeadlineMessage,org.axonframework.test.aggregate.ResultValidatorImpl,org.axonframework.test.matchers.PayloadMatcher,org.axonframework.test.matchers.MapEntryMatcher,org.axonframework.test.aggregate.ResultValidator,org.axonframework.test.matchers.MapEntryMatcher$Matching,org.axonframework.test.matchers.EqualsMatcher",""
109,0.6428571428571429,0.0009099373639587192,3,"DeadlineException,QuartzDeadlineManager$Builder,QuartzDeadlineManager","org.axonframework.deadline.DeadlineException,org.axonframework.deadline.quartz.QuartzDeadlineManager$Builder,org.axonframework.deadline.quartz.QuartzDeadlineManager",""
110,0.47413793103448276,0.0022182311331330343,5,"SimpleDeadlineManager$1,SimpleDeadlineManager,SimpleDeadlineManager$Builder,SimpleDeadlineManager$DeadlineId,SimpleDeadlineManager$DeadlineTask","org.axonframework.deadline.SimpleDeadlineManager$1,org.axonframework.deadline.SimpleDeadlineManager,org.axonframework.deadline.SimpleDeadlineManager$Builder,org.axonframework.deadline.SimpleDeadlineManager$DeadlineId,org.axonframework.deadline.SimpleDeadlineManager$DeadlineTask",""
111,0.6231884057971014,0.00047499227687260284,2,"DefaultEventProcessorSpanFactory$Builder,DefaultEventProcessorSpanFactory","org.axonframework.eventhandling.DefaultEventProcessorSpanFactory$Builder,org.axonframework.eventhandling.DefaultEventProcessorSpanFactory",""
112,0.36363636363636365,0.00025646383503692607,2,"Upcaster,GenericUpcasterChain","org.axonframework.serialization.upcasting.Upcaster,org.axonframework.serialization.upcasting.GenericUpcasterChain",""
113,0.49295774647887325,0.0006582028108529326,4,"Decisions,Ignore,DoNotEnqueue,ShouldEnqueue","org.axonframework.messaging.deadletter.Decisions,org.axonframework.messaging.deadletter.Ignore,org.axonframework.messaging.deadletter.DoNotEnqueue,org.axonframework.messaging.deadletter.ShouldEnqueue",""
114,0.6,0.0017403703745662118,3,"DeadLetterEventEntry,EventMessageDeadLetterJpaConverter","org.axonframework.eventhandling.deadletter.jpa.DeadLetterEventEntry,org.axonframework.eventhandling.deadletter.jpa.EventMessageDeadLetterJpaConverter,org.axonframework.eventhandling.deadletter.legacyjpa.EventMessageDeadLetterJpaConverter",""
115,0.45263157894736844,0.0009501515486382625,4,"AbstractEventGateway$Builder,AbstractEventGateway,DefaultEventGateway$Builder,DefaultEventGateway","org.axonframework.eventhandling.gateway.AbstractEventGateway$Builder,org.axonframework.eventhandling.gateway.AbstractEventGateway,org.axonframework.eventhandling.gateway.DefaultEventGateway$Builder,org.axonframework.eventhandling.gateway.DefaultEventGateway",""
116,0.5555555555555556,0.00029285192143228573,2,"WorkPackage$BatchProcessingEntry,WorkPackage$ProcessingEntry","org.axonframework.eventhandling.pooled.WorkPackage$BatchProcessingEntry,org.axonframework.eventhandling.pooled.WorkPackage$ProcessingEntry",""
117,0.47619047619047616,0.0012044760346126262,5,"EventJobDataBinder,SchedulingException,QuartzEventScheduler$Builder,QuartzEventScheduler,QuartzScheduleToken","org.axonframework.eventhandling.scheduling.quartz.EventJobDataBinder,org.axonframework.eventhandling.scheduling.SchedulingException,org.axonframework.eventhandling.scheduling.quartz.QuartzEventScheduler$Builder,org.axonframework.eventhandling.scheduling.quartz.QuartzEventScheduler,org.axonframework.eventhandling.scheduling.quartz.QuartzScheduleToken",""
118,0.6417910447761194,0.0004384227473338815,2,"SimpleEventScheduler$Builder,SimpleEventScheduler","org.axonframework.eventhandling.scheduling.java.SimpleEventScheduler$Builder,org.axonframework.eventhandling.scheduling.java.SimpleEventScheduler",""
119,0.1794871794871795,0.0005860637050989054,3,"HandlerAttributes,SimpleHandlerAttributes,AnnotatedHandlerAttributes","org.axonframework.messaging.HandlerAttributes,org.axonframework.messaging.SimpleHandlerAttributes,org.axonframework.messaging.annotation.AnnotatedHandlerAttributes",""
120,0.6428571428571429,0.0003655555169656603,2,"DefaultQueryUpdateEmitterSpanFactory$Builder,DefaultQueryUpdateEmitterSpanFactory","org.axonframework.queryhandling.DefaultQueryUpdateEmitterSpanFactory$Builder,org.axonframework.queryhandling.DefaultQueryUpdateEmitterSpanFactory",""
121,0.5,0.00010993438452790287,2,"MavenArtifactRevisionResolver,MavenArtifactVersionResolver","org.axonframework.serialization.MavenArtifactRevisionResolver,org.axonframework.util.MavenArtifactVersionResolver",""
122,0.42857142857142855,7.330538195885746e-05,2,"ContextAwareSingleEntryMultiUpcaster,ContextAwareEventMultiUpcaster","org.axonframework.serialization.upcasting.ContextAwareSingleEntryMultiUpcaster,org.axonframework.serialization.upcasting.event.ContextAwareEventMultiUpcaster",""
123,0.42857142857142855,7.330538195885746e-05,2,"ContextAwareSingleEntryUpcaster,ContextAwareSingleEventUpcaster","org.axonframework.serialization.upcasting.ContextAwareSingleEntryUpcaster,org.axonframework.serialization.upcasting.event.ContextAwareSingleEventUpcaster",""
124,0.42857142857142855,7.330538195885746e-05,2,"SingleEntryMultiUpcaster,EventMultiUpcaster","org.axonframework.serialization.upcasting.SingleEntryMultiUpcaster,org.axonframework.serialization.upcasting.event.EventMultiUpcaster",""
125,0.43478260869565216,0.00047588101226925386,4,"SingleEntryUpcaster,EventTypeUpcaster$Builder,EventTypeUpcaster,SingleEventUpcaster","org.axonframework.serialization.upcasting.SingleEntryUpcaster,org.axonframework.serialization.upcasting.event.EventTypeUpcaster$Builder,org.axonframework.serialization.upcasting.event.EventTypeUpcaster,org.axonframework.serialization.upcasting.event.SingleEventUpcaster",""
126,0.40625,0.0006951812594758598,3,"TracingHandlerEnhancerDefinition$1,TracingHandlerEnhancerDefinition,TracingHandlerEnhancerDefinition$Builder","org.axonframework.tracing.TracingHandlerEnhancerDefinition$1,org.axonframework.tracing.TracingHandlerEnhancerDefinition,org.axonframework.tracing.TracingHandlerEnhancerDefinition$Builder",""
127,0.43157894736842106,0.0009868124717603067,5,"MetadataContextSetter,OpenTelemetrySpan,OpenTelemetrySpanFactory$Builder,OpenTelemetrySpanFactory,OpenTelemetryAutoConfiguration","org.axonframework.tracing.opentelemetry.MetadataContextSetter,org.axonframework.tracing.opentelemetry.OpenTelemetrySpan,org.axonframework.tracing.opentelemetry.OpenTelemetrySpanFactory$Builder,org.axonframework.tracing.opentelemetry.OpenTelemetrySpanFactory,org.axonframework.springboot.autoconfig.OpenTelemetryAutoConfiguration",""
128,0.6170212765957447,0.0013079174426547501,4,"CommandHandlingEntry,CommandHandlingEntry$1,CommandHandlingEntry$RepeatingCommandHandler,EventPublisher","org.axonframework.disruptor.commandhandling.CommandHandlingEntry,org.axonframework.disruptor.commandhandling.CommandHandlingEntry$1,org.axonframework.disruptor.commandhandling.CommandHandlingEntry$RepeatingCommandHandler,org.axonframework.disruptor.commandhandling.EventPublisher",""
129,0.3877551020408163,0.0005491070968543459,3,"FirstLevelCache,FirstLevelCache$1,FirstLevelCache$WeakValue","org.axonframework.disruptor.commandhandling.FirstLevelCache,org.axonframework.disruptor.commandhandling.FirstLevelCache$1,org.axonframework.disruptor.commandhandling.FirstLevelCache$WeakValue",""
130,0.5254237288135594,0.0005120832874455784,4,"AnnotationCommandTargetResolver$Builder,AnnotationCommandTargetResolver,TargetAggregateIdentifier,TargetAggregateVersion","org.axonframework.modelling.command.AnnotationCommandTargetResolver$Builder,org.axonframework.modelling.command.AnnotationCommandTargetResolver,org.axonframework.modelling.command.TargetAggregateIdentifier,org.axonframework.modelling.command.TargetAggregateVersion",""
131,0.5263157894736842,0.000329463115692816,3,"StubAggregateLifecycle,StubAggregateLifecycleExtension,StubAggregateLifecycle$1","org.axonframework.test.aggregate.StubAggregateLifecycle,org.axonframework.test.aggregate.StubAggregateLifecycleExtension,org.axonframework.test.aggregate.StubAggregateLifecycle$1",""
132,0.5306427503736921,0.005605381828890409,19,"FieldFilter,FixtureExecutionException,AggregateTestFixture$CreationalRepository,AggregateTestFixture$1,AggregateTestFixture,AggregateTestFixture$ComparationEntry,AggregateTestFixture$RecordingEventStore,FixtureConfiguration,TestExecutor","org.axonframework.test.matchers.FieldFilter,org.axonframework.test.FixtureExecutionException,org.axonframework.test.aggregate.AggregateTestFixture$CreationalRepository,org.axonframework.test.aggregate.AggregateTestFixture$1,org.axonframework.test.aggregate.AggregateTestFixture,org.axonframework.test.aggregate.AggregateTestFixture$ComparationEntry,org.axonframework.test.aggregate.AggregateTestFixture$RecordingEventStore,org.axonframework.test.aggregate.FixtureConfiguration,org.axonframework.test.aggregate.TestExecutor",""
133,0.44081632653061226,0.004941871470088327,12,"DeadlineManagerValidator,Matchers,ExactClassMatcher,NullOrVoidMatcher,PredicateMatcher,EmptyCollectionMatcher,EqualFieldsMatcher,WhenState,FixtureExecutionResultImpl","org.axonframework.test.deadline.DeadlineManagerValidator,org.axonframework.test.matchers.Matchers,org.axonframework.test.matchers.ExactClassMatcher,org.axonframework.test.matchers.NullOrVoidMatcher,org.axonframework.test.matchers.PredicateMatcher,org.axonframework.test.matchers.EmptyCollectionMatcher,org.axonframework.test.matchers.EqualFieldsMatcher,org.axonframework.test.saga.WhenState,org.axonframework.test.saga.FixtureExecutionResultImpl",""
134,0.5612903225806452,0.0012383988462990145,3,"Reporter,AxonAssertionError,RepositoryContentValidator","org.axonframework.test.aggregate.Reporter,org.axonframework.test.AxonAssertionError,org.axonframework.test.saga.RepositoryContentValidator",""
135,0.5838926174496645,0.001129028951550459,3,"StubDeadlineManager,ScheduledDeadlineInfo,DeadlineConsumer","org.axonframework.test.deadline.StubDeadlineManager,org.axonframework.test.deadline.ScheduledDeadlineInfo,org.axonframework.test.deadline.DeadlineConsumer",""
136,0.3333333333333333,0.0002930938456234346,5,"ListMatcher,SequenceMatcher,ListWithAllOfMatcher,ExactSequenceMatcher,ListWithAnyOfMatcher","org.axonframework.test.matchers.ListMatcher,org.axonframework.test.matchers.SequenceMatcher,org.axonframework.test.matchers.ListWithAllOfMatcher,org.axonframework.test.matchers.ExactSequenceMatcher,org.axonframework.test.matchers.ListWithAnyOfMatcher",""
137,0.1,0.00032981390576998184,2,"StubAggregateLifecycleRule,StubAggregateLifecycleRule$1","org.axonframework.test.aggregate.StubAggregateLifecycleRule,org.axonframework.test.aggregate.StubAggregateLifecycleRule$1",""
138,0.5652173913043478,0.00036589824290312125,2,"InMemorySagaStore$ManagedSaga,InMemorySagaStore","org.axonframework.modelling.saga.repository.inmemory.InMemorySagaStore$ManagedSaga,org.axonframework.modelling.saga.repository.inmemory.InMemorySagaStore",""
139,0.5384615384615384,0.0005484942222367687,3,"StubEventScheduler,StubScheduleToken,EventConsumer","org.axonframework.test.eventscheduler.StubEventScheduler,org.axonframework.test.eventscheduler.StubScheduleToken,org.axonframework.test.eventscheduler.EventConsumer",""
140,0.5652173913043478,0.00036589824290312125,2,"EventSchedulerValidator,ScheduledItem","org.axonframework.test.eventscheduler.EventSchedulerValidator,org.axonframework.test.eventscheduler.ScheduledItem",""
141,0.7560975609756098,0.0005448304147641473,2,"AbstractSagaManager$Builder,AnnotatedSagaManager$Builder","org.axonframework.modelling.saga.AbstractSagaManager$Builder,org.axonframework.modelling.saga.AnnotatedSagaManager$Builder",""
142,0.7204301075268817,0.0004736858862403989,2,"SagaMethodMessageHandlingMember,AnnotatedSagaManager","org.axonframework.modelling.saga.SagaMethodMessageHandlingMember,org.axonframework.modelling.saga.AnnotatedSagaManager",""
143,0.6105263157894737,0.001344324345376088,3,"AnnotatedSaga,SagaExecutionException,AnnotatedSagaRepository","org.axonframework.modelling.saga.AnnotatedSaga,org.axonframework.modelling.saga.SagaExecutionException,org.axonframework.modelling.saga.repository.AnnotatedSagaRepository",""
144,0.6424581005586593,0.0011623835773934687,4,"SagaModel,AnnotationSagaMetaModelFactory,AnnotatedSagaRepository$Builder,LockingSagaRepository$Builder","org.axonframework.modelling.saga.metamodel.SagaModel,org.axonframework.modelling.saga.metamodel.AnnotationSagaMetaModelFactory,org.axonframework.modelling.saga.repository.AnnotatedSagaRepository$Builder,org.axonframework.modelling.saga.repository.LockingSagaRepository$Builder",""
145,0.4375,0.0003296042381376528,4,"SagaTestFixture$WrappingResourceInjector,SagaTestFixture$TransienceValidatingResourceInjector,AutowiredResourceInjector,SimpleResourceInjector","org.axonframework.test.saga.SagaTestFixture$WrappingResourceInjector,org.axonframework.test.saga.SagaTestFixture$TransienceValidatingResourceInjector,org.axonframework.test.utils.AutowiredResourceInjector,org.axonframework.modelling.saga.SimpleResourceInjector",""
146,0.15384615384615385,0.00040304301440746324,3,"AxonServerContainer,AxonServerTestContainerConnectionDetailsFactory,AxonServerTestContainerConnectionDetailsFactory$AxonServerContainerConnectionDetails","org.axonframework.test.server.AxonServerContainer,org.axonframework.springboot.service.connection.AxonServerTestContainerConnectionDetailsFactory,org.axonframework.springboot.service.connection.AxonServerTestContainerConnectionDetailsFactory$AxonServerContainerConnectionDetails",""
147,0.2,0.00021988993742253125,4,"AbstractQualifiedBeanCondition,OnMissingQualifiedBeanCondition,OnQualifiedBeanCondition,ConditionalOnQualifiedBean","org.axonframework.springboot.util.AbstractQualifiedBeanCondition,org.axonframework.springboot.util.OnMissingQualifiedBeanCondition,org.axonframework.springboot.util.OnQualifiedBeanCondition,org.axonframework.springboot.util.ConditionalOnQualifiedBean",""
148,0.21739130434782608,0.0003297705610190677,4,"HealthStatus,AxonServerHealthIndicator,AxonServerStatusAggregator,AxonServerActuatorAutoConfiguration","org.axonframework.actuator.HealthStatus,org.axonframework.actuator.axonserver.AxonServerHealthIndicator,org.axonframework.actuator.axonserver.AxonServerStatusAggregator,org.axonframework.springboot.autoconfig.AxonServerActuatorAutoConfiguration",""
149,0.02564102564102564,0.000696046474465038,4,"DistributedCommandBusProperties$SpringCloudProperties,DistributedCommandBusProperties$JGroupsProperties$Gossip,DistributedCommandBusProperties$JGroupsProperties,DistributedCommandBusProperties","org.axonframework.springboot.DistributedCommandBusProperties$SpringCloudProperties,org.axonframework.springboot.DistributedCommandBusProperties$JGroupsProperties$Gossip,org.axonframework.springboot.DistributedCommandBusProperties$JGroupsProperties,org.axonframework.springboot.DistributedCommandBusProperties",""
150,0.047619047619047616,0.0007326257481725696,5,"MetricsProperties$Micrometer,MetricsAutoConfiguration,MetricsProperties$AutoConfiguration,MetricsProperties,MicrometerMetricsAutoConfiguration","org.axonframework.springboot.MetricsProperties$Micrometer,org.axonframework.springboot.autoconfig.MetricsAutoConfiguration,org.axonframework.springboot.MetricsProperties$AutoConfiguration,org.axonframework.springboot.MetricsProperties,org.axonframework.springboot.autoconfig.MicrometerMetricsAutoConfiguration",""
151,0.053497942386831275,0.0041961653513084875,6,"GenericSagaSqlSchema,HsqlSagaSqlSchema,SagaSchema,Oracle11SagaSqlSchema,PostgresSagaSqlSchema,SagaSchema$Builder","org.axonframework.modelling.saga.repository.jdbc.GenericSagaSqlSchema,org.axonframework.modelling.saga.repository.jdbc.HsqlSagaSqlSchema,org.axonframework.modelling.saga.repository.jdbc.SagaSchema,org.axonframework.modelling.saga.repository.jdbc.Oracle11SagaSqlSchema,org.axonframework.modelling.saga.repository.jdbc.PostgresSagaSqlSchema,org.axonframework.modelling.saga.repository.jdbc.SagaSchema$Builder",""
152,0.6071428571428571,0.00040221644008770456,2,"DefaultSagaManagerSpanFactory$Builder,DefaultSagaManagerSpanFactory","org.axonframework.modelling.saga.DefaultSagaManagerSpanFactory$Builder,org.axonframework.modelling.saga.DefaultSagaManagerSpanFactory",""
153,0.6,0.00040225373673384004,2,"DefaultRepositorySpanFactory$Builder,DefaultRepositorySpanFactory","org.axonframework.modelling.command.DefaultRepositorySpanFactory$Builder,org.axonframework.modelling.command.DefaultRepositorySpanFactory",""
154,0.1111111111111111,0.0002931785190903367,5,"XStreamAutoConfiguration$XStreamConfiguredCondition$MessagesXStreamCondition,XStreamAutoConfiguration$XStreamConfiguredCondition$GeneralXStreamCondition,XStreamAutoConfiguration$XStreamConfiguredCondition$EventsXStreamCondition,XStreamAutoConfiguration$XStreamConfiguredCondition,XStreamAutoConfiguration$XStreamConfiguredCondition$GeneralDefaultCondition","org.axonframework.springboot.autoconfig.XStreamAutoConfiguration$XStreamConfiguredCondition$MessagesXStreamCondition,org.axonframework.springboot.autoconfig.XStreamAutoConfiguration$XStreamConfiguredCondition$GeneralXStreamCondition,org.axonframework.springboot.autoconfig.XStreamAutoConfiguration$XStreamConfiguredCondition$EventsXStreamCondition,org.axonframework.springboot.autoconfig.XStreamAutoConfiguration$XStreamConfiguredCondition,org.axonframework.springboot.autoconfig.XStreamAutoConfiguration$XStreamConfiguredCondition$GeneralDefaultCondition",""
155,0.5833333333333334,0.0003658350738087657,2,"SagaMethodMessageHandlerDefinition,AssociationResolver","org.axonframework.modelling.saga.SagaMethodMessageHandlerDefinition,org.axonframework.modelling.saga.AssociationResolver",""
156,0.45454545454545453,0.00032958239775928523,3,"AggregateCreationPolicy,AggregateAnnotationCommandHandler$1,CreationPolicy","org.axonframework.modelling.command.AggregateCreationPolicy,org.axonframework.modelling.command.AggregateAnnotationCommandHandler$1,org.axonframework.modelling.command.CreationPolicy",""
157,0.088,0.0020844225270027685,4,"AssociationValueMap$1,AssociationValueMap,AssociationValueMap$AssociationValueComparator,AssociationValueMap$SagaAssociationValue","org.axonframework.modelling.saga.repository.AssociationValueMap$1,org.axonframework.modelling.saga.repository.AssociationValueMap,org.axonframework.modelling.saga.repository.AssociationValueMap$AssociationValueComparator,org.axonframework.modelling.saga.repository.AssociationValueMap$SagaAssociationValue",""
