"firstCommunityId","communityId","intermediateCommunityIds","memberCount","memberNames","Source Cypher File: Community_Detection/Community_Detection_1d_Stream_Intermediate_Mutated.cypher"
1137,16,"1137,7,2,16",56,"org.axonframework.common.Priority,org.axonframework.messaging.annotation.ParameterResolver,org.axonframework.messaging.Message,org.axonframework.messaging.ResultMessage,org.axonframework.test.matchers.PayloadsMatcher,org.axonframework.messaging.annotation.SimpleResourceParameterResolverFactory,org.axonframework.commandhandling.GenericCommandMessage,org.axonframework.commandhandling.GenericCommandResultMessage,org.axonframework.queryhandling.GenericQueryResponseMessage,org.axonframework.messaging.annotation.AnnotatedMessageHandlingMemberDefinition,org.axonframework.messaging.annotation.AnnotatedMessageHandlingMember,org.axonframework.messaging.annotation.MessageHandler,org.axonframework.messaging.interceptors.MessageHandlerInterceptor,org.axonframework.commandhandling.CurrentUnitOfWorkParameterResolverFactory,org.axonframework.eventhandling.ConcludesBatchParameterResolverFactory,org.axonframework.messaging.annotation.AbstractAnnotatedParameterResolverFactory,org.axonframework.eventhandling.ConcludesBatch,org.axonframework.eventhandling.SequenceNumberParameterResolverFactory,org.axonframework.eventhandling.SequenceNumber,org.axonframework.eventhandling.SequenceNumberParameterResolverFactory$SequenceNumberParameterResolver,org.axonframework.eventhandling.TimestampParameterResolverFactory,org.axonframework.eventhandling.Timestamp,org.axonframework.eventhandling.TimestampParameterResolverFactory$TimestampParameterResolver,org.axonframework.messaging.annotation.DefaultParameterResolverFactory,org.axonframework.messaging.annotation.PayloadParameterResolver,org.axonframework.messaging.annotation.DefaultParameterResolverFactory$MessageParameterResolver,org.axonframework.messaging.annotation.DefaultParameterResolverFactory$MetaDataParameterResolver,org.axonframework.messaging.annotation.DefaultParameterResolverFactory$AnnotatedMetaDataParameterResolver,org.axonframework.messaging.annotation.MessageIdentifierParameterResolverFactory,org.axonframework.messaging.annotation.MessageIdentifier,org.axonframework.messaging.annotation.MessageIdentifierParameterResolverFactory$MessageIdentifierParameterResolver,org.axonframework.messaging.annotation.SourceIdParameterResolverFactory,org.axonframework.messaging.annotation.SourceIdParameterResolverFactory$SourceIdParameterResolver,org.axonframework.messaging.annotation.SourceId,org.axonframework.messaging.annotation.AggregateTypeParameterResolverFactory,org.axonframework.messaging.annotation.AggregateType,org.axonframework.messaging.annotation.AggregateTypeParameterResolverFactory$AggregateTypeParameterResolver,org.axonframework.messaging.MessageDecorator,org.axonframework.messaging.GenericResultMessage,org.axonframework.eventhandling.replay.GenericResetContext,org.axonframework.eventhandling.replay.ResetContext,org.axonframework.eventhandling.ResetHandler,org.axonframework.messaging.annotation.FixedValueParameterResolver,org.axonframework.messaging.correlation.MessageOriginProvider,org.axonframework.messaging.interceptors.BeanValidationInterceptor,org.axonframework.messaging.interceptors.ExceptionHandler,org.axonframework.messaging.interceptors.LoggingInterceptor,org.axonframework.messaging.interceptors.legacyvalidation.BeanValidationInterceptor,org.axonframework.queryhandling.GenericSubscriptionQueryUpdateMessage,org.axonframework.queryhandling.SimpleQueryBus$CatchLastError,org.axonframework.tracing.LoggingSpanFactory$1,org.axonframework.tracing.LoggingSpanFactory,org.axonframework.tracing.LoggingSpanFactory$Slf4jSpan,org.axonframework.tracing.LoggingSpanFactory$Slf4jSpan$Slf4jSpanScope,org.axonframework.tracing.SpanUtils,org.axonframework.tracing.opentelemetry.MetadataContextGetter",""
1180,9,"1180,6,29,9",51,"org.axonframework.modelling.command.inspection.AnnotatedAggregateMetaModelFactory,org.axonframework.commandhandling.AnnotationCommandHandlerAdapter,org.axonframework.messaging.annotation.MessageHandlingMember,org.axonframework.common.annotation.AnnotationUtils,org.axonframework.commandhandling.MethodCommandHandlerDefinition,org.axonframework.commandhandling.MethodCommandHandlerDefinition$1,org.axonframework.commandhandling.MethodCommandHandlerDefinition$MethodCommandMessageHandlingMember,org.axonframework.commandhandling.CommandHandler,org.axonframework.deadline.annotation.DeadlineMethodMessageHandlerDefinition,org.axonframework.deadline.annotation.DeadlineHandler,org.axonframework.deadline.annotation.DeadlineMethodMessageHandlerDefinition$1,org.axonframework.deadline.annotation.DeadlineMethodMessageHandlerDefinition$DeadlineMethodMessageHandlingMember,org.axonframework.eventhandling.replay.ReplayAwareMessageHandlerWrapper,org.axonframework.eventhandling.replay.ReplayAwareMessageHandlerWrapper$ReplayBlockingMessageHandlingMember,org.axonframework.messaging.annotation.MessageHandlerInterceptorDefinition,org.axonframework.messaging.annotation.MessageHandlerInterceptorDefinition$ResultHandlingInterceptorMember,org.axonframework.messaging.annotation.MessageHandlerInterceptorDefinition$InterceptedMessageHandlingMember,org.axonframework.queryhandling.annotation.MethodQueryMessageHandlerDefinition,org.axonframework.queryhandling.annotation.MethodQueryMessageHandlerDefinition$MethodQueryMessageHandlingMember,org.axonframework.commandhandling.CommandMessageHandlingMember,org.axonframework.messaging.annotation.AnnotatedHandlerInspector,org.axonframework.messaging.annotation.MessageInterceptingMember,org.axonframework.messaging.annotation.HandlerComparator,org.axonframework.messaging.annotation.WrappedMessageHandlingMember,org.axonframework.common.IdentifierValidator,org.axonframework.common.ListUtils,org.axonframework.deadline.annotation.DeadlineHandlingMember,org.axonframework.eventhandling.AnnotationEventHandlerAdapter,org.axonframework.messaging.annotation.UnsupportedHandlerException,org.axonframework.queryhandling.annotation.AnnotationQueryHandlerAdapter,org.axonframework.queryhandling.annotation.QueryHandlingMember,org.axonframework.modelling.saga.EndSagaMessageHandlerDefinition,org.axonframework.modelling.saga.EndSagaMessageHandlerDefinition$EndSageMessageHandlingMember,org.axonframework.modelling.command.inspection.MethodCommandHandlerInterceptorDefinition,org.axonframework.modelling.command.inspection.MethodCommandHandlerInterceptorDefinition$1,org.axonframework.modelling.command.inspection.MethodCommandHandlerInterceptorDefinition$MethodCommandHandlerInterceptorHandlingMember,org.axonframework.modelling.command.inspection.MethodCreationPolicyDefinition,org.axonframework.modelling.command.inspection.MethodCreationPolicyDefinition$1,org.axonframework.modelling.command.inspection.MethodCreationPolicyDefinition$MethodCreationPolicyHandlingMember,org.axonframework.modelling.command.inspection.ChildEntityDefinition,org.axonframework.modelling.command.inspection.ChildEntity,org.axonframework.modelling.command.inspection.AnnotatedAggregateMetaModelFactory$AnnotatedAggregateModel,org.axonframework.modelling.command.EntityId,org.axonframework.modelling.command.AggregateIdentifier,org.axonframework.modelling.command.AggregateRoot,org.axonframework.modelling.command.AggregateVersion,org.axonframework.modelling.command.inspection.AnnotatedCommandHandlerInterceptor,org.axonframework.modelling.command.inspection.ChildForwardingCommandMessageHandlingMember,org.axonframework.modelling.command.inspection.AggregateModellingException,org.axonframework.modelling.command.inspection.CommandHandlerInterceptorHandlingMember,org.axonframework.modelling.saga.metamodel.AnnotationSagaMetaModelFactory$InspectedSagaModel",""
545,14,"545,110,5,14",48,"org.axonframework.common.BuilderUtils,org.axonframework.common.transaction.TransactionManager,org.axonframework.eventhandling.DomainEventData,org.axonframework.serialization.upcasting.event.EventUpcaster,org.axonframework.eventsourcing.snapshotting.SnapshotFilter,org.axonframework.axonserver.connector.event.axon.AxonServerEventStore$AxonIQEventStorageEngine$Builder,org.axonframework.eventhandling.TrackedDomainEventData,org.axonframework.eventsourcing.eventstore.AbstractEventStorageEngine,org.axonframework.eventhandling.TrackedEventData,org.axonframework.eventsourcing.eventstore.AbstractEventStorageEngine$Builder,org.axonframework.common.jdbc.PersistenceExceptionResolver,org.axonframework.eventsourcing.eventstore.BatchingEventStorageEngine,org.axonframework.eventsourcing.eventstore.BatchingEventStorageEngine$1,org.axonframework.eventsourcing.eventstore.BatchingEventStorageEngine$EventStreamSpliterator,org.axonframework.eventsourcing.eventstore.BatchingEventStorageEngine$Builder,org.axonframework.eventsourcing.eventstore.jdbc.statements.CreateTokenAtStatementBuilder,org.axonframework.eventsourcing.eventstore.jdbc.statements.AppendEventsStatementBuilder,org.axonframework.eventsourcing.eventstore.jdbc.statements.LastSequenceNumberForStatementBuilder,org.axonframework.eventsourcing.eventstore.jdbc.statements.CreateTailTokenStatementBuilder,org.axonframework.eventsourcing.eventstore.jdbc.statements.CreateHeadTokenStatementBuilder,org.axonframework.eventsourcing.eventstore.jdbc.statements.AppendSnapshotStatementBuilder,org.axonframework.eventsourcing.eventstore.jdbc.statements.DeleteSnapshotsStatementBuilder,org.axonframework.eventsourcing.eventstore.jdbc.statements.FetchTrackedEventsStatementBuilder,org.axonframework.eventsourcing.eventstore.jdbc.statements.CleanGapsStatementBuilder,org.axonframework.eventsourcing.eventstore.jdbc.statements.ReadEventDataForAggregateStatementBuilder,org.axonframework.eventsourcing.eventstore.jdbc.statements.ReadSnapshotDataStatementBuilder,org.axonframework.eventsourcing.eventstore.jdbc.statements.ReadEventDataWithoutGapsStatementBuilder,org.axonframework.eventsourcing.eventstore.jdbc.statements.ReadEventDataWithGapsStatementBuilder,org.axonframework.eventsourcing.eventstore.jdbc.JdbcSQLErrorCodesResolver,org.axonframework.eventsourcing.eventstore.jdbc.EventTableFactory,org.axonframework.eventsourcing.eventstore.jdbc.JdbcEventStorageEngine$1,org.axonframework.eventsourcing.eventstore.jdbc.JdbcEventStorageEngine,org.axonframework.eventhandling.GenericDomainEventEntry,org.axonframework.eventhandling.GapAwareTrackingToken,org.axonframework.eventsourcing.eventstore.jdbc.JdbcEventStorageEngine$Builder,org.axonframework.eventsourcing.eventstore.jpa.DomainEventEntry,org.axonframework.eventsourcing.eventstore.jpa.JpaEventStorageEngine$Builder,org.axonframework.eventsourcing.eventstore.jpa.JpaEventStorageEngine,org.axonframework.eventsourcing.eventstore.jpa.SnapshotEventEntry,org.axonframework.eventsourcing.eventstore.legacyjpa.JpaEventStorageEngine$Builder,org.axonframework.eventsourcing.eventstore.legacyjpa.JpaEventStorageEngine,org.axonframework.commandhandling.gateway.AbstractRetryScheduler$Builder,org.axonframework.commandhandling.gateway.AbstractRetryScheduler,org.axonframework.common.CollectionUtils,org.axonframework.springboot.autoconfig.JpaEventStoreAutoConfiguration,org.axonframework.springboot.autoconfig.TransactionAutoConfiguration,org.axonframework.springboot.autoconfig.legacyjpa.JpaJavaxEventStoreAutoConfiguration,org.axonframework.springboot.autoconfig.NoOpTransactionAutoConfiguration",""
1005,4,"1005,5,4,4",44,"org.axonframework.serialization.SerializedObject,org.axonframework.serialization.SerializedType,org.axonframework.serialization.Serializer,org.axonframework.axonserver.connector.event.axon.GrpcMetaDataAwareSerializer,org.axonframework.serialization.Converter,org.axonframework.axonserver.connector.event.axon.GrpcBackedDomainEventData,org.axonframework.serialization.SerializedMetaData,org.axonframework.serialization.SimpleSerializedObject,org.axonframework.serialization.UnknownSerializedType,org.axonframework.eventhandling.EventData,org.axonframework.serialization.upcasting.event.InitialEventRepresentation,org.axonframework.eventsourcing.eventstore.AbstractSnapshotEventEntry$PK,org.axonframework.eventsourcing.eventstore.AbstractSnapshotEventEntry,org.axonframework.eventhandling.AbstractEventEntry,org.axonframework.eventsourcing.eventstore.EqualRevisionPredicate,org.axonframework.serialization.RevisionResolver,org.axonframework.serialization.SerializedObjectHolder,org.axonframework.commandhandling.distributed.DispatchMessage,org.axonframework.serialization.SimpleSerializedType,org.axonframework.commandhandling.distributed.ReplyMessage,org.axonframework.deadline.dbscheduler.DbSchedulerBinaryDeadlineDetails,org.axonframework.deadline.dbscheduler.DbSchedulerHumanReadableDeadlineDetails,org.axonframework.deadline.jobrunr.DeadlineDetails,org.axonframework.deadline.quartz.DeadlineJob$DeadlineJobDataBinder,org.axonframework.serialization.AbstractXStreamSerializer,org.axonframework.serialization.SerializationException,org.axonframework.serialization.upcasting.event.UpcastedEventRepresentation,org.axonframework.eventhandling.scheduling.dbscheduler.DbSchedulerBinaryEventData,org.axonframework.eventhandling.scheduling.dbscheduler.DbSchedulerEventScheduler$Builder,org.axonframework.eventhandling.scheduling.dbscheduler.DbSchedulerEventScheduler,org.axonframework.eventhandling.scheduling.dbscheduler.DbSchedulerHumanReadableEventData,org.axonframework.eventhandling.scheduling.dbscheduler.EventSchedulerNotSuppliedException,org.axonframework.eventhandling.scheduling.dbscheduler.DbSchedulerScheduleToken,org.axonframework.eventhandling.scheduling.dbscheduler.DbSchedulerEventSchedulerSupplier,org.axonframework.eventhandling.scheduling.quartz.QuartzEventScheduler$DirectEventJobDataBinder,org.axonframework.serialization.FixedValueRevisionResolver,org.axonframework.serialization.JavaSerializer$Builder,org.axonframework.serialization.JavaSerializer,org.axonframework.serialization.SerialVersionUIDRevisionResolver,org.axonframework.serialization.json.JsonNodeToObjectNodeConverter,org.axonframework.serialization.json.ObjectNodeToJsonNodeConverter,org.axonframework.serialization.json.JacksonSerializer$Builder,org.axonframework.serialization.json.JacksonSerializer,org.axonframework.modelling.saga.repository.jpa.AbstractSagaEntry",""
220,25,"220,46,1,25",41,"org.axonframework.queryhandling.QueryBusSpanFactory,org.axonframework.queryhandling.QueryBus,org.axonframework.axonserver.connector.TargetContextResolver,org.axonframework.axonserver.connector.query.QueryPriorityCalculator,org.axonframework.axonserver.connector.query.AxonServerQueryBus,org.axonframework.axonserver.connector.query.AxonServerQueryBus$Builder,org.axonframework.axonserver.connector.PriorityRunnable,org.axonframework.axonserver.connector.util.ProcessingInstructionHelper,org.axonframework.axonserver.connector.util.UpstreamAwareStreamObserver,org.axonframework.axonserver.connector.query.AxonServerQueryBus$ResponseProcessingTask,org.axonframework.queryhandling.QueryResponseMessage,org.axonframework.tracing.Span,org.axonframework.axonserver.connector.query.QuerySerializer,org.axonframework.lifecycle.ShutdownLatch,org.axonframework.lifecycle.ShutdownLatch$ActivityHandle,org.axonframework.tracing.SpanScope,org.axonframework.messaging.responsetypes.ConvertingResponseMessage,org.axonframework.axonserver.connector.query.AxonServerQueryBus$ActivityFinisher,org.axonframework.axonserver.connector.DispatchInterceptors,org.axonframework.axonserver.connector.query.subscription.AxonServerSubscriptionQueryResult,org.axonframework.axonserver.connector.query.AxonServerQueryBus$1,org.axonframework.axonserver.connector.query.AxonServerQueryBus$LocalSegmentAdapter,org.axonframework.axonserver.connector.query.AxonServerQueryBus$QueryResponseSpliterator,org.axonframework.axonserver.connector.query.StreamableResponse,org.axonframework.axonserver.connector.query.StreamableInstanceResponse,org.axonframework.tracing.SpanFactory,org.axonframework.tracing.NoOpSpanFactory,org.axonframework.queryhandling.DefaultQueryBusSpanFactory$Builder,org.axonframework.queryhandling.DefaultQueryBusSpanFactory,org.axonframework.axonserver.connector.query.AxonServerQueryBus$LocalSegmentAdapter$1,org.axonframework.axonserver.connector.query.QueryProcessingTask,org.axonframework.tracing.NoOpSpanFactory$NoOpSpan,org.axonframework.axonserver.connector.query.StreamableMultiInstanceResponse,org.axonframework.axonserver.connector.query.StreamableFluxResponse,org.axonframework.axonserver.connector.query.StreamableFluxResponse$SendingSubscriber,org.axonframework.lifecycle.ShutdownInProgressException,org.axonframework.queryhandling.QueryBus$1,org.axonframework.tracing.MultiSpanFactory$MultiSpan,org.axonframework.tracing.MultiSpanFactory,org.axonframework.tracing.NestingSpanFactory$Builder,org.axonframework.tracing.NestingSpanFactory",""
1359,23,"1359,53,8,23",40,"org.axonframework.messaging.MessageHandlerInterceptor,org.axonframework.eventhandling.ListenerInvocationErrorHandler,org.axonframework.messaging.Distributed,org.axonframework.config.EventProcessingConfiguration,org.axonframework.eventhandling.SubscribingEventProcessor,org.axonframework.eventhandling.EventProcessor,org.axonframework.config.Component,org.axonframework.messaging.StreamableMessageSource,org.axonframework.messaging.SubscribableMessageSource,org.axonframework.eventhandling.async.SequencingPolicy,org.axonframework.messaging.MessageHandlerInterceptorSupport,org.axonframework.messaging.unitofwork.RollbackConfiguration,org.axonframework.eventhandling.EventHandlerInvoker,org.axonframework.eventhandling.ErrorHandler,org.axonframework.eventhandling.EventProcessorSpanFactory,org.axonframework.eventhandling.AbstractEventProcessor$Builder,org.axonframework.eventhandling.AbstractEventProcessor,org.axonframework.eventhandling.EventProcessingStrategy,org.axonframework.eventhandling.DirectEventProcessingStrategy,org.axonframework.eventhandling.MultiEventHandlerInvoker,org.axonframework.eventhandling.SubscribingEventProcessor$Builder,org.axonframework.eventhandling.TrackingEventProcessor$Builder,org.axonframework.eventhandling.TrackingEventProcessorConfiguration,org.axonframework.eventhandling.async.SequentialPolicy,org.axonframework.messaging.deadletter.EnqueuePolicy,org.axonframework.eventhandling.pooled.PooledStreamingEventProcessor$Builder,org.axonframework.modelling.command.inspection.AggregateMetaModelFactory,org.axonframework.config.EventProcessingConfigurer,org.axonframework.config.EventProcessingConfigurer$PooledStreamingProcessorConfiguration,org.axonframework.springboot.autoconfig.EventProcessingAutoConfiguration,org.axonframework.config.EventProcessingModule,org.axonframework.config.AggregateConfigurer,org.axonframework.config.SagaConfiguration,org.axonframework.config.EventProcessingConfigurer$EventProcessorBuilder,org.axonframework.config.EventProcessingModule$InstanceToTypeProcessingGroupSelectorAdapter,org.axonframework.config.EventProcessingModule$InstanceProcessingGroupSelector,org.axonframework.config.EventProcessingModule$1,org.axonframework.config.EventProcessingModule$TypeProcessingGroupSelector,org.axonframework.config.ProcessingGroup,org.axonframework.config.EventProcessingModule$ProcessingGroupSelector",""
292,25,"292,46,1,25",36,"org.axonframework.queryhandling.SimpleQueryBus,org.axonframework.queryhandling.QueryInvocationErrorHandler,org.axonframework.queryhandling.SimpleQueryBus$Builder,org.axonframework.messaging.responsetypes.ResponseType,org.axonframework.queryhandling.SubscriptionQueryResult,org.axonframework.queryhandling.QueryMessage,org.axonframework.queryhandling.StreamingQueryMessage,org.axonframework.queryhandling.SubscriptionQueryBackpressure,org.axonframework.queryhandling.NoHandlerForQueryException,org.axonframework.queryhandling.GenericStreamingQueryMessage,org.axonframework.axonserver.connector.query.subscription.DeserializedResult,org.axonframework.axonserver.connector.query.subscription.DisposableResult,org.axonframework.monitoring.NoOpMessageMonitor,org.axonframework.queryhandling.QueryHandler,org.axonframework.monitoring.MessageMonitor$MonitorCallback,org.axonframework.commandhandling.MonitorAwareCallback,org.axonframework.monitoring.NoOpMessageMonitorCallback,org.axonframework.messaging.responsetypes.OptionalResponseType,org.axonframework.messaging.responsetypes.ResponseTypes,org.axonframework.messaging.responsetypes.PublisherResponseType,org.axonframework.queryhandling.DefaultQueryGateway$Builder,org.axonframework.queryhandling.DefaultQueryGateway,org.axonframework.queryhandling.QueryGateway,org.axonframework.queryhandling.GenericQueryMessage,org.axonframework.queryhandling.GenericSubscriptionQueryMessage,org.axonframework.queryhandling.DefaultSubscriptionQueryResult,org.axonframework.queryhandling.QuerySubscription,org.axonframework.queryhandling.SimpleQueryBus$1,org.axonframework.queryhandling.registration.DuplicateQueryHandlerResolver,org.axonframework.queryhandling.registration.DuplicateQueryHandlerResolution,org.axonframework.queryhandling.SimpleQueryBus$ErrorIfComplete,org.axonframework.queryhandling.SimpleQueryBus$SuccessReporter,org.axonframework.queryhandling.SimpleQueryBus$MonitorCallbackContextWriter,org.axonframework.queryhandling.registration.FailingDuplicateQueryHandlerResolver,org.axonframework.queryhandling.registration.LoggingDuplicateQueryHandlerResolver,org.axonframework.queryhandling.registration.DuplicateQueryHandlerSubscriptionException",""
22,20,"22,189,23,20",35,"org.axonframework.commandhandling.CommandMessage,org.axonframework.commandhandling.SimpleCommandBus,org.axonframework.modelling.command.CommandTargetResolver,org.axonframework.modelling.command.AggregateAnnotationCommandHandler$Builder,org.axonframework.modelling.command.AggregateAnnotationCommandHandler,org.axonframework.messaging.MessageHandler,org.axonframework.commandhandling.SimpleCommandBus$Builder,org.axonframework.test.utils.RecordingCommandBus,org.axonframework.test.saga.CommandValidator,org.axonframework.test.utils.DefaultCallbackBehavior,org.axonframework.test.utils.CallbackBehavior,org.axonframework.commandhandling.LoggingDuplicateCommandHandlerResolver,org.axonframework.commandhandling.DuplicateCommandHandlerResolver,org.axonframework.commandhandling.CommandBusSpanFactory,org.axonframework.commandhandling.NoHandlerForCommandException,org.axonframework.axonserver.connector.command.AxonServerCommandBus$CommandProcessingTask,org.axonframework.commandhandling.CommandMessageHandler,org.axonframework.commandhandling.DuplicateCommandHandlerResolution,org.axonframework.commandhandling.callbacks.LoggingCallback,org.axonframework.commandhandling.AsynchronousCommandBus$Builder,org.axonframework.commandhandling.AsynchronousCommandBus,org.axonframework.commandhandling.FailingDuplicateCommandHandlerResolver,org.axonframework.commandhandling.DuplicateCommandHandlerSubscriptionException,org.axonframework.commandhandling.distributed.UnresolvedRoutingKeyPolicy,org.axonframework.modelling.command.CommandHandlerInterceptor,org.axonframework.modelling.command.AggregateAnnotationCommandHandler$AggregateCreateOrUpdateCommandHandler,org.axonframework.modelling.command.AggregateAnnotationCommandHandler$AlwaysCreateAggregateCommandHandler,org.axonframework.modelling.command.inspection.CreationPolicyMember,org.axonframework.modelling.command.CreationPolicyAggregateFactory,org.axonframework.modelling.command.AggregateAnnotationCommandHandler$AggregateConstructorCommandHandler,org.axonframework.modelling.command.NoArgumentConstructorCreationPolicyAggregateFactory,org.axonframework.modelling.command.VersionedAggregateIdentifier,org.axonframework.modelling.command.AggregateAnnotationCommandHandler$AggregateCommandHandler,org.axonframework.modelling.command.IdentifierMissingException,org.axonframework.modelling.command.MetaDataCommandTargetResolver",""
1363,23,"1363,53,8,23",35,"org.axonframework.deadline.DeadlineManager,org.axonframework.modelling.saga.ResourceInjector,org.axonframework.axonserver.connector.ServerConnectorConfigurerModule,org.axonframework.config.ConfigurerModule,org.axonframework.config.Configuration,org.axonframework.config.Configurer,org.axonframework.common.transaction.NoTransactionManager,org.axonframework.config.TagsConfiguration,org.axonframework.axonserver.connector.event.axon.EventProcessorInfoConfiguration,org.axonframework.config.ModuleConfiguration,org.axonframework.eventsourcing.Snapshotter,org.axonframework.eventsourcing.SnapshotterSpanFactory,org.axonframework.messaging.MessageDispatchInterceptorSupport,org.axonframework.messaging.correlation.CorrelationDataProvider,org.axonframework.common.transaction.NoTransactionManager$1,org.axonframework.commandhandling.gateway.CommandGateway,org.axonframework.eventhandling.gateway.EventGateway,org.axonframework.messaging.correlation.MultiCorrelationDataProvider,org.axonframework.messaging.interceptors.CorrelationDataInterceptor,org.axonframework.serialization.upcasting.event.EventUpcasterChain,org.axonframework.util.HandlerTypeResolver,org.axonframework.modelling.saga.repository.NoResourceInjector,org.axonframework.springboot.autoconfig.InfraConfiguration,org.axonframework.config.DefaultConfigurer,org.axonframework.config.AggregateConfiguration,org.axonframework.config.Configuration$1,org.axonframework.config.LifecycleOperations,org.axonframework.config.AxonIQConsoleModule,org.axonframework.config.DefaultConfigurer$ConfigurationImpl,org.axonframework.config.DefaultConfigurer$LifecycleState,org.axonframework.config.DefaultConfigurer$1,org.axonframework.config.MessageHandlerRegistrar,org.axonframework.config.ConfigurationParameterResolverFactory,org.axonframework.config.LifecycleHandler,org.axonframework.config.ConfigurationResourceInjector",""
1175,9,"1175,90,29,9",26,"org.axonframework.common.ReflectionUtils,org.axonframework.common.AxonConfigurationException,org.axonframework.common.io.IOUtils,org.axonframework.eventsourcing.eventstore.jpa.SQLErrorCodesResolver,org.axonframework.eventsourcing.eventstore.legacyjpa.SQLErrorCodesResolver,org.axonframework.common.property.PropertyAccessStrategy,org.axonframework.common.property.Property,org.axonframework.common.property.DirectPropertyAccessStrategy,org.axonframework.common.property.DirectlyAccessedProperty,org.axonframework.common.MemberAccessibilityCallback,org.axonframework.common.digest.Digester,org.axonframework.modelling.command.inspection.EntityModel,org.axonframework.modelling.command.inspection.AggregateMemberAnnotatedChildEntityDefinition,org.axonframework.modelling.command.ForwardingMode,org.axonframework.modelling.command.inspection.AbstractChildEntityDefinition,org.axonframework.modelling.command.inspection.AggregateMemberAnnotatedChildEntityMapDefinition,org.axonframework.modelling.command.inspection.AggregateMemberAnnotatedChildEntityCollectionDefinition,org.axonframework.modelling.command.ForwardToAll,org.axonframework.modelling.command.AggregateMember,org.axonframework.modelling.command.ForwardMatchingInstances,org.axonframework.modelling.command.ForwardMatchingInstances$1,org.axonframework.modelling.command.ForwardMatchingInstances$NoProperty,org.axonframework.modelling.command.ForwardNone,org.axonframework.modelling.command.inspection.AnnotatedChildEntity,org.axonframework.modelling.saga.AbstractResourceInjector,org.axonframework.modelling.saga.PayloadAssociationResolver",""
972,15,"972,12,42,15",24,"org.axonframework.messaging.deadletter.DeadLetter,org.axonframework.messaging.deadletter.EnqueueDecision,org.axonframework.messaging.deadletter.SequencedDeadLetterProcessor,org.axonframework.messaging.deadletter.GenericDeadLetter,org.axonframework.messaging.deadletter.SequencedDeadLetterQueue,org.axonframework.messaging.deadletter.ThrowableCause,org.axonframework.messaging.deadletter.Cause,org.axonframework.messaging.deadletter.DeadLetterQueueOverflowException,org.axonframework.messaging.deadletter.NoSuchDeadLetterException,org.axonframework.messaging.deadletter.WrongDeadLetterTypeException,org.axonframework.eventhandling.deadletter.jpa.DeadLetterEntry,org.axonframework.eventhandling.deadletter.jpa.DeadLetterJpaConverter,org.axonframework.eventhandling.deadletter.jpa.JpaDeadLetter,org.axonframework.eventhandling.deadletter.jpa.JpaSequencedDeadLetterQueue$1,org.axonframework.eventhandling.deadletter.jpa.JpaSequencedDeadLetterQueue,org.axonframework.eventhandling.deadletter.jpa.NoJpaConverterFoundException,org.axonframework.eventhandling.deadletter.jpa.JpaSequencedDeadLetterQueue$Builder,org.axonframework.eventhandling.deadletter.legacyjpa.DeadLetterJpaConverter,org.axonframework.eventhandling.deadletter.legacyjpa.JpaDeadLetter,org.axonframework.eventhandling.deadletter.legacyjpa.JpaSequencedDeadLetterQueue$1,org.axonframework.eventhandling.deadletter.legacyjpa.JpaSequencedDeadLetterQueue,org.axonframework.eventhandling.deadletter.legacyjpa.JpaSequencedDeadLetterQueue$Builder,org.axonframework.messaging.deadletter.InMemorySequencedDeadLetterQueue$Builder,org.axonframework.messaging.deadletter.InMemorySequencedDeadLetterQueue",""
252,23,"252,146,20,23",21,"org.axonframework.axonserver.connector.AxonServerConfiguration,org.axonframework.axonserver.connector.AxonServerConnectionManager$Builder,org.axonframework.axonserver.connector.ManagedChannelCustomizer,org.axonframework.axonserver.connector.AxonServerConnectionManager,org.axonframework.axonserver.connector.util.FlowControllingStreamObserver,org.axonframework.axonserver.connector.AxonServerConfiguration$FlowControlConfiguration,org.axonframework.axonserver.connector.AxonServerConfiguration$EventStoreConfiguration,org.axonframework.axonserver.connector.AxonServerConfiguration$Builder,org.axonframework.axonserver.connector.AxonServerConfiguration$HeartbeatConfiguration,org.axonframework.axonserver.connector.util.ExecutorServiceBuilder,org.axonframework.common.AxonThreadFactory,org.axonframework.axonserver.connector.heartbeat.HeartbeatConfiguration,org.axonframework.axonserver.connector.ConnectionManager,org.axonframework.axonserver.connector.event.axon.PersistentStreamScheduledExecutorBuilder,org.axonframework.springboot.service.connection.AxonServerConnectionDetails,org.axonframework.springboot.service.connection.PropertiesAxonServerConnectionDetails,org.axonframework.springboot.service.connection.AxonServerDockerComposeConnectionDetailsFactory,org.axonframework.springboot.TagsConfigurationProperties,org.axonframework.springboot.autoconfig.AxonServerAutoConfiguration,org.axonframework.springboot.autoconfig.AxonServerAutoConfiguration$DefaultConnectionManagerConfiguration,org.axonframework.springboot.autoconfig.AxonServerAutoConfiguration$ConnectionDetailsConnectionManagerConfiguration",""
108,2,"108,164,30,2",19,"org.axonframework.modelling.command.RepositoryProvider,org.axonframework.eventsourcing.EventSourcedAggregate,org.axonframework.modelling.command.AggregateNotFoundException,org.axonframework.modelling.command.inspection.AggregateModel,org.axonframework.eventsourcing.EventSourcingRepository,org.axonframework.eventhandling.EventBus,org.axonframework.test.aggregate.AggregateTestFixture$InMemoryRepository,org.axonframework.modelling.command.inspection.AnnotatedAggregate,org.axonframework.modelling.command.ConflictingAggregateVersionException,org.axonframework.eventsourcing.SnapshotTrigger,org.axonframework.eventsourcing.AggregateCacheEntry,org.axonframework.eventsourcing.SnapshotTriggerDefinition,org.axonframework.eventsourcing.AggregateDeletedException,org.axonframework.eventsourcing.CachingEventSourcingRepository,org.axonframework.modelling.command.inspection.ForwardingCommandMessageHandlingMember,org.axonframework.disruptor.commandhandling.CommandHandlerInvoker$DisruptorRepository,org.axonframework.disruptor.commandhandling.FirstLevelCache,org.axonframework.disruptor.commandhandling.FirstLevelCache$WeakValue,org.axonframework.disruptor.commandhandling.FirstLevelCache$1",""
392,4,"392,5,4,4",18,"org.axonframework.messaging.MetaData,org.axonframework.axonserver.connector.util.GrpcSerializedObject,org.axonframework.axonserver.connector.util.GrpcSerializedObject$1,org.axonframework.axonserver.connector.util.GrpcMetaData,org.axonframework.axonserver.connector.query.subscription.GrpcBackedSubscriptionQueryMessage,org.axonframework.axonserver.connector.query.subscription.GrpcBackedQueryUpdateMessage,org.axonframework.axonserver.connector.query.GrpcBackedResponseMessage,org.axonframework.axonserver.connector.query.GrpcBackedQueryMessage,org.axonframework.serialization.LazyDeserializingObject,org.axonframework.messaging.IllegalPayloadAccessException,org.axonframework.axonserver.connector.command.GrpcBackedCommandMessage,org.axonframework.serialization.SerializedMessage,org.axonframework.messaging.MetaData$1,org.axonframework.messaging.MetaData$MetaDataCollector,org.axonframework.messaging.AbstractMessage,org.axonframework.messaging.correlation.SimpleCorrelationDataProvider,org.axonframework.serialization.AbstractXStreamSerializer$MetaDataConverter,org.axonframework.serialization.json.MetaDataDeserializer",""
836,4,"836,82,4,4",18,"org.axonframework.messaging.DefaultInterceptorChain,org.axonframework.messaging.ScopeDescriptor,org.axonframework.messaging.ExecutionException,org.axonframework.deadline.DeadlineManagerSpanFactory,org.axonframework.messaging.ScopeAwareProvider,org.axonframework.messaging.ScopeAware,org.axonframework.deadline.dbscheduler.DbSchedulerDeadlineManager$Builder,org.axonframework.deadline.dbscheduler.DbSchedulerDeadlineManager,org.axonframework.deadline.dbscheduler.DeadlineManagerNotSuppliedException,org.axonframework.deadline.dbscheduler.DbSchedulerDeadlineToken,org.axonframework.deadline.dbscheduler.DbSchedulerDeadlineManagerSupplier,org.axonframework.deadline.jobrunr.JobRunrDeadlineManager$Builder,org.axonframework.deadline.jobrunr.JobRunrDeadlineManager,org.axonframework.deadline.jobrunr.LabelUtils,org.axonframework.deadline.quartz.DeadlineJob,org.axonframework.springboot.autoconfig.AxonJobRunrAutoConfiguration,org.axonframework.config.ConfigurationScopeAwareProvider,org.axonframework.springboot.autoconfig.AxonDbSchedulerAutoConfiguration",""
285,11,"285,263,57,11",18,"org.axonframework.axonserver.connector.ErrorCode$ExceptionBuilder,org.axonframework.common.AxonException,org.axonframework.axonserver.connector.query.AxonServerQueryDispatchException,org.axonframework.axonserver.connector.ErrorCode,org.axonframework.axonserver.connector.InstructionAckSource,org.axonframework.common.ExceptionUtils,org.axonframework.messaging.EventPublicationFailedException,org.axonframework.axonserver.connector.AxonServerException,org.axonframework.axonserver.connector.DefaultInstructionAckSource,org.axonframework.modelling.command.AggregateStreamCreationException,org.axonframework.eventsourcing.eventstore.jpa.SQLStateResolver,org.axonframework.commandhandling.distributed.ServiceRegistryException,org.axonframework.common.ProcessRetriesExhaustedException,org.axonframework.common.ProcessUtils,org.axonframework.eventhandling.EventProcessingException,org.axonframework.eventhandling.TransactionMethodExecutionException,org.axonframework.messaging.annotation.MessageHandlerInvocationException,org.axonframework.modelling.command.AggregateRolledBackException",""
356,5,"356,27,82,5",17,"org.axonframework.eventhandling.Segment,org.axonframework.eventhandling.tokenstore.TokenStore,org.axonframework.eventhandling.TrackingEventProcessor,org.axonframework.eventhandling.EventTrackerStatusChangeListener,org.axonframework.eventhandling.RemovedTrackerStatus,org.axonframework.eventhandling.TrackerStatus,org.axonframework.eventhandling.TrackingEventProcessor$1,org.axonframework.eventhandling.TrackingEventProcessor$ClaimSegmentInstruction,org.axonframework.eventhandling.TrackingEventProcessor$Instruction,org.axonframework.eventhandling.TrackingEventProcessor$MergeSegmentInstruction,org.axonframework.eventhandling.TrackingEventProcessor$SplitSegmentInstruction,org.axonframework.eventhandling.TrackingEventProcessor$TrackingSegmentWorker,org.axonframework.eventhandling.TrackingEventProcessor$WorkerLauncher,org.axonframework.eventhandling.TrackingEventProcessor$State,org.axonframework.eventhandling.TrackingEventProcessor$Worker,org.axonframework.eventhandling.pooled.MergeTask,org.axonframework.eventhandling.pooled.SplitTask",""
751,20,"751,106,0,20",17,"org.axonframework.messaging.MessageDispatchInterceptor,org.axonframework.commandhandling.CommandBus,org.axonframework.commandhandling.gateway.CommandGatewayFactory,org.axonframework.commandhandling.gateway.CommandGatewayFactory$Builder,org.axonframework.commandhandling.gateway.DefaultCommandGateway$Builder,org.axonframework.commandhandling.gateway.DefaultCommandGateway,org.axonframework.messaging.annotation.MetaDataValue,org.axonframework.commandhandling.callbacks.FutureCallback,org.axonframework.commandhandling.gateway.RetryScheduler,org.axonframework.commandhandling.gateway.AbstractCommandGateway$Builder,org.axonframework.commandhandling.gateway.AbstractCommandGateway,org.axonframework.commandhandling.gateway.CommandGatewayFactory$DispatchOnInvocationHandler$Builder,org.axonframework.commandhandling.gateway.CommandGatewayFactory$MetaDataExtractor,org.axonframework.commandhandling.gateway.CommandGatewayFactory$GatewayInvocationHandler,org.axonframework.commandhandling.gateway.CommandGatewayFactory$DispatchOnInvocationHandler,org.axonframework.commandhandling.gateway.Timeout,org.axonframework.commandhandling.gateway.CommandGatewayFactory$GatewayInvocationHandler$Builder",""
1355,25,"1355,46,1,25",17,"org.axonframework.tracing.SpanAttributesProvider,org.axonframework.tracing.attributes.AggregateIdentifierSpanAttributesProvider,org.axonframework.tracing.attributes.MessageIdSpanAttributesProvider,org.axonframework.tracing.attributes.MessageNameSpanAttributesProvider,org.axonframework.tracing.attributes.MessageTypeSpanAttributesProvider,org.axonframework.tracing.attributes.MetadataSpanAttributesProvider,org.axonframework.tracing.attributes.PayloadTypeSpanAttributesProvider,org.axonframework.springboot.TracingProperties$CommandBusProperties,org.axonframework.springboot.TracingProperties$AttributeProviders,org.axonframework.springboot.TracingProperties,org.axonframework.springboot.TracingProperties$SagaManagerProperties,org.axonframework.springboot.TracingProperties$QueryBusProperties,org.axonframework.springboot.TracingProperties$SnapshotterProperties,org.axonframework.springboot.TracingProperties$DeadlineManagerProperties,org.axonframework.springboot.TracingProperties$RepositoryProperties,org.axonframework.springboot.TracingProperties$EventProcessorProperties,org.axonframework.springboot.autoconfig.AxonTracingAutoConfiguration",""
492,16,"492,57,2,16",16,"org.axonframework.messaging.unitofwork.UnitOfWork,org.axonframework.messaging.unitofwork.CurrentUnitOfWork,org.axonframework.eventsourcing.AbstractSnapshotTrigger,org.axonframework.eventsourcing.AbstractSnapshotter$1,org.axonframework.eventsourcing.AbstractSnapshotter,org.axonframework.eventsourcing.AbstractSnapshotter$CreateSnapshotTask,org.axonframework.eventsourcing.AbstractSnapshotter$SilentTask,org.axonframework.eventsourcing.AbstractSnapshotter$RunnableAndFinally,org.axonframework.eventsourcing.AbstractSnapshotter$AggregateTypeId,org.axonframework.eventhandling.AbstractEventBus,org.axonframework.common.transaction.Transaction,org.axonframework.common.jdbc.UnitOfWorkAwareConnectionProviderWrapper$UoWAttachedConnection,org.axonframework.common.jdbc.UnitOfWorkAwareConnectionProviderWrapper$1,org.axonframework.common.jdbc.UnitOfWorkAwareConnectionProviderWrapper,org.axonframework.common.jdbc.UnitOfWorkAwareConnectionProviderWrapper$UoWAttachedConnectionImpl,org.axonframework.messaging.interceptors.TransactionManagingInterceptor",""
926,15,"926,31,42,15",15,"org.axonframework.eventhandling.EventMessage,org.axonframework.axonserver.connector.event.axon.PersistentStreamSequencingPolicyProvider,org.axonframework.eventhandling.ErrorContext,org.axonframework.eventhandling.PropagatingErrorHandler,org.axonframework.eventhandling.async.SequentialPerAggregatePolicy,org.axonframework.eventhandling.async.FullConcurrencyPolicy,org.axonframework.eventhandling.deadletter.DeadLetteredEventProcessingTask,org.axonframework.eventhandling.deadletter.DeadLetteringEventHandlerInvoker$1,org.axonframework.eventhandling.deadletter.DeadLetteringEventHandlerInvoker,org.axonframework.eventhandling.deadletter.DeadLetteringEventHandlerInvoker$Builder,org.axonframework.eventhandling.deadletter.SequenceIdentifierCache,org.axonframework.eventhandling.interceptors.EventLoggingInterceptor,org.axonframework.eventhandling.scheduling.quartz.FireEventJob,org.axonframework.modelling.saga.MetaDataAssociationResolver,org.axonframework.config.EventProcessingConfigurer$DeadLetteringInvokerConfiguration",""
1029,18,"1029,35,36,18",15,"org.axonframework.common.jdbc.JdbcUtils,org.axonframework.common.jdbc.JdbcUtils$SqlResultConverter,org.axonframework.common.jdbc.JdbcUtils$SqlFunction,org.axonframework.eventhandling.tokenstore.UnableToRetrieveIdentifierException,org.axonframework.eventhandling.tokenstore.AbstractTokenEntry,org.axonframework.eventhandling.tokenstore.GenericTokenEntry,org.axonframework.eventhandling.tokenstore.jdbc.GenericTokenTableFactory,org.axonframework.eventhandling.tokenstore.jdbc.TokenTableFactory,org.axonframework.eventhandling.tokenstore.jdbc.TokenSchema,org.axonframework.eventhandling.tokenstore.jdbc.JdbcTokenStore$Builder,org.axonframework.eventhandling.tokenstore.jdbc.JdbcTokenStore,org.axonframework.eventhandling.tokenstore.jdbc.TokenSchema$Builder,org.axonframework.eventhandling.tokenstore.jdbc.TokenSchema$1,org.axonframework.eventhandling.tokenstore.jdbc.Oracle11TokenTableFactory,org.axonframework.eventhandling.tokenstore.jdbc.PostgresTokenTableFactory",""
1036,18,"1036,34,36,18",15,"org.axonframework.common.jpa.EntityManagerProvider,org.axonframework.common.legacyjpa.EntityManagerProvider,org.axonframework.eventhandling.tokenstore.UnableToClaimTokenException,org.axonframework.eventhandling.tokenstore.ConfigToken,org.axonframework.eventhandling.tokenstore.jpa.JpaTokenStore$Builder,org.axonframework.eventhandling.tokenstore.jpa.JpaTokenStore,org.axonframework.eventhandling.tokenstore.jpa.TokenEntry,org.axonframework.eventhandling.tokenstore.jpa.TokenEntry$PK,org.axonframework.eventhandling.tokenstore.legacyjpa.JpaTokenStore$Builder,org.axonframework.eventhandling.tokenstore.legacyjpa.JpaTokenStore,org.axonframework.springboot.util.legacyjpa.ContainerManagedEntityManagerProvider,org.axonframework.springboot.util.jpa.ContainerManagedEntityManagerProvider,org.axonframework.springboot.TokenStoreProperties,org.axonframework.springboot.autoconfig.JpaAutoConfiguration,org.axonframework.springboot.autoconfig.legacyjpa.JpaJavaxAutoConfiguration",""
1331,23,"1331,132,8,23",14,"org.axonframework.config.SubscribableMessageSourceDefinition,org.axonframework.springboot.EventProcessorProperties$Dlq,org.axonframework.springboot.EventProcessorProperties$DlqCache,org.axonframework.springboot.util.ConditionalOnMissingQualifiedBean,org.axonframework.springboot.util.DeadLetterQueueProviderConfigurerModule,org.axonframework.springboot.EventProcessorProperties,org.axonframework.springboot.EventProcessorProperties$ProcessorSettings,org.axonframework.springboot.EventProcessorProperties$Mode,org.axonframework.springboot.SerializerProperties$SerializerType,org.axonframework.springboot.autoconfig.AxonAutoConfiguration,org.axonframework.springboot.autoconfig.AxonAutoConfiguration$1,org.axonframework.springboot.SerializerProperties,org.axonframework.springboot.autoconfig.ObjectMapperAutoConfiguration,org.axonframework.springboot.autoconfig.CBORMapperAutoConfiguration",""
995,5,"995,58,82,5",13,"org.axonframework.eventhandling.pooled.PooledStreamingEventProcessor,org.axonframework.eventhandling.pooled.WorkPackage,org.axonframework.eventhandling.pooled.Coordinator$1,org.axonframework.eventhandling.pooled.Coordinator,org.axonframework.eventhandling.pooled.Coordinator$Builder,org.axonframework.eventhandling.pooled.MaxSegmentProvider,org.axonframework.eventhandling.pooled.Coordinator$EventFilter,org.axonframework.eventhandling.pooled.WorkPackage$EventFilter,org.axonframework.eventhandling.pooled.WorkPackage$Builder,org.axonframework.eventhandling.pooled.WorkPackage$1,org.axonframework.eventhandling.pooled.WorkPackage$BatchProcessor,org.axonframework.eventhandling.pooled.Coordinator$CoordinationTask,org.axonframework.eventhandling.pooled.Coordinator$RunState",""
1281,9,"1281,150,39,9",13,"org.axonframework.modelling.saga.AssociationValue,org.axonframework.modelling.saga.AssociationValues,org.axonframework.modelling.saga.AssociationValuesImpl,org.axonframework.modelling.saga.SagaLifecycle,org.axonframework.modelling.saga.repository.jpa.SagaEntry,org.axonframework.modelling.saga.repository.jpa.JpaSagaStore,org.axonframework.modelling.saga.repository.jpa.JpaSagaStore$Builder,org.axonframework.modelling.saga.repository.jpa.JpaSagaStore$EntryImpl,org.axonframework.modelling.saga.repository.jpa.SerializedSaga,org.axonframework.modelling.saga.repository.jpa.AssociationValueEntry,org.axonframework.modelling.saga.repository.legacyjpa.JpaSagaStore,org.axonframework.modelling.saga.repository.legacyjpa.JpaSagaStore$EntryImpl,org.axonframework.modelling.saga.repository.legacyjpa.JpaSagaStore$Builder",""
139,12,"139,286,14,12",13,"org.axonframework.test.matchers.Matchers,org.axonframework.test.deadline.DeadlineManagerValidator,org.axonframework.test.matchers.EqualFieldsMatcher,org.axonframework.test.matchers.EmptyCollectionMatcher,org.axonframework.test.matchers.ExactClassMatcher,org.axonframework.test.matchers.PredicateMatcher,org.axonframework.test.matchers.NullOrVoidMatcher,org.axonframework.test.saga.WhenState,org.axonframework.test.saga.FixtureExecutionResult,org.axonframework.test.saga.WhenAggregateEventPublisher,org.axonframework.test.saga.FixtureExecutionResultImpl,org.axonframework.test.saga.EventValidator,org.axonframework.test.saga.DescriptionUtils",""
214,14,"214,181,5,14",13,"org.axonframework.eventhandling.SimpleEventBus$Builder,org.axonframework.eventhandling.SimpleEventBus,org.axonframework.eventhandling.EventBusSpanFactory,org.axonframework.axonserver.connector.event.axon.AxonServerEventStoreFactory$Builder,org.axonframework.axonserver.connector.event.axon.AxonServerEventStoreFactory,org.axonframework.axonserver.connector.event.axon.AxonServerEventStore$Builder,org.axonframework.monitoring.MessageMonitor,org.axonframework.eventhandling.AbstractEventBus$Builder,org.axonframework.eventsourcing.eventstore.AbstractEventStore$Builder,org.axonframework.axonserver.connector.event.axon.AxonServerEventStoreFactory$AxonServerEventStoreConfiguration,org.axonframework.eventsourcing.eventstore.EmbeddedEventStore$Builder,org.axonframework.eventsourcing.eventstore.legacyjpa.EmbeddedEventStore$Builder,org.axonframework.springboot.autoconfig.AxonServerBusAutoConfiguration",""
788,17,"788,124,13,17",13,"org.axonframework.common.caching.AbstractCacheAdapter,org.axonframework.common.caching.Cache$EntryListener,org.axonframework.common.caching.Cache$EntryListenerAdapter,org.axonframework.common.caching.EhCache3Adapter$1,org.axonframework.common.caching.EhCache3Adapter,org.axonframework.common.caching.EhCache3Adapter$CacheEventListenerAdapter,org.axonframework.common.caching.EhCacheAdapter$CacheEventListenerAdapter,org.axonframework.common.caching.EhCacheAdapter,org.axonframework.common.caching.JCacheAdapter$JCacheListenerAdapter,org.axonframework.common.caching.JCacheAdapter,org.axonframework.common.caching.NoCache,org.axonframework.common.caching.WeakReferenceCache$Entry,org.axonframework.common.caching.WeakReferenceCache",""
1380,2,"1380,164,30,2",12,"org.axonframework.eventsourcing.AggregateFactory,org.axonframework.eventsourcing.NoSnapshotTriggerDefinition,org.axonframework.eventsourcing.NoSnapshotTriggerDefinition$NoSnapshotTrigger,org.axonframework.eventsourcing.NoSnapshotTriggerDefinition$1,org.axonframework.disruptor.commandhandling.CommandHandlerInvoker,org.axonframework.disruptor.commandhandling.CommandHandlerInvoker$1,org.axonframework.disruptor.commandhandling.DisruptorCommandBus,org.axonframework.disruptor.commandhandling.DisruptorCommandBus$1,org.axonframework.disruptor.commandhandling.DisruptorCommandBus$ExceptionHandler,org.axonframework.disruptor.commandhandling.DisruptorCommandBus$DisruptorRepository,org.axonframework.disruptor.commandhandling.DisruptorCommandBus$FailureLoggingCommandCallback,org.axonframework.disruptor.commandhandling.DisruptorCommandBus$Builder",""
105,12,"105,286,14,12",12,"org.axonframework.test.FixtureExecutionException,org.axonframework.test.aggregate.AggregateTestFixture$CreationalRepository,org.axonframework.test.aggregate.AggregateTestFixture$1,org.axonframework.test.aggregate.AggregateTestFixture,org.axonframework.test.matchers.MatchAllFieldFilter,org.axonframework.test.aggregate.AggregateTestFixture$ComparationEntry,org.axonframework.test.matchers.IgnoreField,org.axonframework.test.aggregate.TestExecutor,org.axonframework.test.aggregate.AggregateTestFixture$ExecutionExceptionAwareCallback,org.axonframework.test.aggregate.AggregateTestFixture$RecordingEventStore,org.axonframework.test.aggregate.FixtureConfiguration,org.axonframework.test.aggregate.AggregateTestFixture$DefaultRepositoryProvider",""
120,2,"120,164,30,2",10,"org.axonframework.common.AxonNonTransientException,org.axonframework.test.matchers.MatcherExecutionException,org.axonframework.lifecycle.LifecycleHandlerInvocationException,org.axonframework.messaging.interceptors.JSR303ViolationException,org.axonframework.messaging.interceptors.legacyvalidation.JSR303ViolationException,org.axonframework.queryhandling.CompletedEmitterException,org.axonframework.modelling.command.ConflictingModificationException,org.axonframework.modelling.command.AggregateEntityNotFoundException,org.axonframework.modelling.saga.SagaInstantiationException,org.axonframework.modelling.saga.repository.SagaCreationException",""
1383,2,"1383,164,30,2",10,"org.axonframework.disruptor.commandhandling.AggregateBlacklistedException,org.axonframework.disruptor.commandhandling.AggregateStateCorruptedException,org.axonframework.disruptor.commandhandling.BlacklistDetectingCallback,org.axonframework.disruptor.commandhandling.CommandHandlingEntry,org.axonframework.disruptor.commandhandling.CommandHandlingEntry$RepeatingCommandHandler,org.axonframework.disruptor.commandhandling.CommandHandlingEntry$1,org.axonframework.disruptor.commandhandling.DisruptorUnitOfWork,org.axonframework.disruptor.commandhandling.EventPublisher,org.axonframework.disruptor.commandhandling.EventPublisher$1,org.axonframework.disruptor.commandhandling.EventPublisher$ReportResultTask",""
887,5,"887,23,82,5",10,"org.axonframework.common.stream.BlockingStream,org.axonframework.eventhandling.TrackingEventStream,org.axonframework.eventhandling.TrackedEventMessage,org.axonframework.axonserver.connector.event.axon.EventBuffer$SimpleSpliterator,org.axonframework.axonserver.connector.event.axon.EventBuffer,org.axonframework.eventsourcing.eventstore.SequenceEventStorageEngine$ConcatenatingSpliterator,org.axonframework.eventhandling.MultiStreamableMessageSource$SourceIdAwareBlockingStream,org.axonframework.eventhandling.MultiStreamableMessageSource$MultiSourceBlockingStream,org.axonframework.eventhandling.TrackingEventProcessor$WrappedMessageStream,org.axonframework.eventhandling.pooled.WorkPackage$DefaultProcessingEntry",""
511,14,"511,110,5,14",10,"org.axonframework.eventsourcing.eventstore.jdbc.EventSchema,org.axonframework.eventsourcing.eventstore.jdbc.statements.TimestampWriter,org.axonframework.eventsourcing.eventstore.jdbc.statements.JdbcEventStorageEngineStatements,org.axonframework.eventsourcing.eventstore.jdbc.AbstractEventTableFactory,org.axonframework.eventsourcing.eventstore.jdbc.EventSchema$1,org.axonframework.eventsourcing.eventstore.jdbc.EventSchema$Builder,org.axonframework.eventsourcing.eventstore.jdbc.HsqlEventTableFactory,org.axonframework.eventsourcing.eventstore.jdbc.MySqlEventTableFactory,org.axonframework.eventsourcing.eventstore.jdbc.Oracle11EventTableFactory,org.axonframework.eventsourcing.eventstore.jdbc.PostgresEventTableFactory",""
1090,25,"1090,46,1,25",10,"org.axonframework.queryhandling.QueryUpdateEmitter,org.axonframework.queryhandling.SubscriptionQueryUpdateMessage,org.axonframework.queryhandling.SubscriptionQueryMessage,org.axonframework.queryhandling.UpdateHandlerRegistration,org.axonframework.queryhandling.QueryUpdateEmitterSpanFactory,org.axonframework.queryhandling.FluxSinkWrapper,org.axonframework.queryhandling.SinkWrapper,org.axonframework.queryhandling.SimpleQueryUpdateEmitter$Builder,org.axonframework.queryhandling.SimpleQueryUpdateEmitter,org.axonframework.queryhandling.SinksManyWrapper",""
1223,2,"1223,3,30,2",9,"org.axonframework.eventsourcing.EventSourcingRepository$Builder,org.axonframework.modelling.command.RepositorySpanFactory,org.axonframework.modelling.command.LockingRepository$Builder,org.axonframework.common.lock.LockFactory,org.axonframework.modelling.command.AbstractRepository$Builder,org.axonframework.common.lock.NullLockFactory,org.axonframework.modelling.command.GenericJpaRepository$Builder,org.axonframework.modelling.command.GenericJpaRepository,org.axonframework.modelling.command.legacyjpa.GenericJpaRepository$Builder",""
1106,4,"1106,92,4,4",9,"org.axonframework.serialization.ContentTypeConverter,org.axonframework.serialization.converters.ByteArrayToInputStreamConverter,org.axonframework.serialization.converters.ByteArrayToStringConverter,org.axonframework.serialization.converters.StringToByteArrayConverter,org.axonframework.serialization.ChainingConverter,org.axonframework.serialization.ChainedConverter,org.axonframework.serialization.ChainedConverter$1,org.axonframework.serialization.ChainedConverter$Route,org.axonframework.serialization.ChainedConverter$RouteCalculator",""
26,12,"26,286,14,12",9,"org.axonframework.test.aggregate.ResultValidatorImpl,org.axonframework.commandhandling.CommandResultMessage,org.axonframework.deadline.DeadlineMessage,org.axonframework.test.matchers.MapEntryMatcher,org.axonframework.test.aggregate.ResultValidator,org.axonframework.test.matchers.PayloadMatcher,org.axonframework.test.matchers.MapEntryMatcher$Matching,org.axonframework.test.matchers.EqualsMatcher,org.axonframework.deadline.AbstractDeadlineManager",""
105,14,"105,304,5,14",9,"org.axonframework.eventsourcing.eventstore.EventStore,org.axonframework.eventhandling.DomainEventMessage,org.axonframework.eventsourcing.eventstore.AbstractEventStore,org.axonframework.eventsourcing.AbstractAggregateFactory,org.axonframework.eventsourcing.eventstore.IteratorBackedDomainEventStream,org.axonframework.eventsourcing.conflictresolution.DefaultConflictResolver,org.axonframework.eventsourcing.conflictresolution.DefaultConflictDescription,org.axonframework.eventsourcing.conflictresolution.Conflicts,org.axonframework.messaging.Headers",""
953,18,"953,17,36,18",9,"org.axonframework.common.DateTimeUtils,org.axonframework.common.ObjectUtils,org.axonframework.eventhandling.deadletter.jdbc.DeadLetterSchema$Builder,org.axonframework.eventhandling.deadletter.jdbc.DeadLetterSchema,org.axonframework.eventhandling.deadletter.jdbc.DefaultDeadLetterJdbcConverter$Builder,org.axonframework.eventhandling.deadletter.jdbc.DefaultDeadLetterJdbcConverter,org.axonframework.eventhandling.deadletter.jdbc.DefaultDeadLetterStatementFactory$Builder,org.axonframework.eventhandling.deadletter.jdbc.DefaultDeadLetterStatementFactory,org.axonframework.eventhandling.deadletter.jdbc.GenericDeadLetterTableFactory",""
14,2,"14,80,30,2",8,"org.axonframework.test.aggregate.StubAggregateLifecycle,org.axonframework.modelling.command.ApplyMore,org.axonframework.modelling.command.AggregateLifecycle,org.axonframework.test.aggregate.StubAggregateLifecycle$1,org.axonframework.test.aggregate.StubAggregateLifecycleExtension,org.axonframework.eventsourcing.EventSourcedAggregate$IgnoreApplyMore,org.axonframework.messaging.Scope,org.axonframework.modelling.command.AggregateInvocationException",""
883,5,"883,27,82,5",8,"org.axonframework.eventhandling.TrackingToken,org.axonframework.eventhandling.ReplayToken,org.axonframework.eventsourcing.eventstore.inmemory.InMemoryEventStorageEngine$MapEntrySpliterator,org.axonframework.eventhandling.GenericTrackedEventMessage,org.axonframework.eventhandling.MergedTrackingToken,org.axonframework.eventhandling.WrappedToken,org.axonframework.eventhandling.MultiSourceTrackingToken,org.axonframework.eventhandling.pooled.Coordinator$NoToken",""
1269,18,"1269,35,36,18",8,"org.axonframework.common.jdbc.ConnectionProvider,org.axonframework.common.jdbc.DataSourceConnectionProvider,org.axonframework.modelling.saga.SagaStorageException,org.axonframework.modelling.saga.repository.jdbc.SagaSqlSchema,org.axonframework.modelling.saga.repository.jdbc.JdbcSagaStore$Builder,org.axonframework.modelling.saga.repository.jdbc.JdbcSagaStore,org.axonframework.modelling.saga.repository.jdbc.JdbcSagaStore$EntryImpl,org.axonframework.springboot.autoconfig.JdbcAutoConfiguration",""
956,18,"956,12,36,18",8,"org.axonframework.common.jdbc.JdbcException,org.axonframework.eventhandling.deadletter.jdbc.DeadLetterJdbcConverter,org.axonframework.eventhandling.deadletter.jdbc.JdbcDeadLetter,org.axonframework.eventhandling.deadletter.jdbc.DeadLetterStatementFactory,org.axonframework.eventhandling.deadletter.jdbc.DeadLetterTableFactory,org.axonframework.eventhandling.deadletter.jdbc.JdbcSequencedDeadLetterQueue$1,org.axonframework.eventhandling.deadletter.jdbc.JdbcSequencedDeadLetterQueue,org.axonframework.eventhandling.deadletter.jdbc.JdbcSequencedDeadLetterQueue$Builder",""
215,20,"215,189,23,20",8,"org.axonframework.commandhandling.distributed.RoutingStrategy,org.axonframework.axonserver.connector.command.AxonServerCommandBus$Builder,org.axonframework.axonserver.connector.command.CommandPriorityCalculator,org.axonframework.axonserver.connector.command.AxonServerCommandBus,org.axonframework.axonserver.connector.command.CommandLoadFactorProvider,org.axonframework.common.StringUtils,org.axonframework.commandhandling.callbacks.NoOpCallback,org.axonframework.commandhandling.distributed.AbstractRoutingStrategy",""
716,20,"716,189,23,20",8,"org.axonframework.commandhandling.distributed.CommandMessageFilter,org.axonframework.commandhandling.distributed.commandfilter.AndCommandMessageFilter,org.axonframework.commandhandling.distributed.commandfilter.NegateCommandMessageFilter,org.axonframework.commandhandling.distributed.commandfilter.OrCommandMessageFilter,org.axonframework.commandhandling.distributed.commandfilter.DenyAll,org.axonframework.commandhandling.distributed.commandfilter.AcceptAll,org.axonframework.commandhandling.distributed.commandfilter.DenyCommandNameFilter,org.axonframework.commandhandling.distributed.commandfilter.CommandNameFilter",""
1137,4,"1137,5,4,4",7,"org.axonframework.eventhandling.GenericEventMessage,org.axonframework.deadline.GenericDeadlineMessage,org.axonframework.eventhandling.GenericDomainEventMessage,org.axonframework.messaging.GenericMessage,org.axonframework.eventhandling.GenericTrackedDomainEventMessage,org.axonframework.serialization.CachingSupplier,org.axonframework.modelling.command.inspection.AnnotatedAggregate$LazyIdentifierDomainEventMessage",""
1175,4,"1175,92,4,4",7,"org.axonframework.serialization.converters.BlobToInputStreamConverter,org.axonframework.serialization.CannotConvertBetweenTypesException,org.axonframework.serialization.converters.InputStreamToByteArrayConverter,org.axonframework.serialization.xml.InputStreamToXomConverter,org.axonframework.serialization.xml.InputStreamToDom4jConverter,org.axonframework.serialization.json.JsonNodeToByteArrayConverter,org.axonframework.serialization.json.ByteArrayToJsonNodeConverter",""
357,11,"357,263,57,11",7,"org.axonframework.axonserver.connector.command.AxonServerRemoteCommandHandlingException,org.axonframework.axonserver.connector.query.AxonServerRemoteQueryHandlingException,org.axonframework.axonserver.connector.command.AxonServerNonTransientRemoteCommandHandlingException,org.axonframework.axonserver.connector.query.AxonServerNonTransientRemoteQueryHandlingException,org.axonframework.messaging.RemoteHandlingException,org.axonframework.messaging.RemoteExceptionDescription,org.axonframework.messaging.RemoteNonTransientHandlingException",""
98,12,"98,286,14,12",7,"org.axonframework.test.matchers.FieldFilter,org.axonframework.test.matchers.DeepEqualsMatcher,org.axonframework.test.matchers.AllFieldsFilter,org.axonframework.test.matchers.NonStaticFieldsFilter,org.axonframework.test.matchers.NonTransientFieldsFilter,org.axonframework.test.saga.SagaTestFixture$MutableFieldFilter,org.axonframework.test.saga.SagaTestFixture$1",""
812,19,"812,74,31,19",7,"org.axonframework.common.lock.DeadlockException,org.axonframework.common.lock.LockAcquisitionFailedException,org.axonframework.common.lock.PessimisticLockFactory$1,org.axonframework.common.lock.PessimisticLockFactory,org.axonframework.common.lock.PessimisticLockFactory$Builder,org.axonframework.common.lock.PessimisticLockFactory$DisposableLock,org.axonframework.common.lock.PessimisticLockFactory$PubliclyOwnedReentrantLock",""
126,20,"126,106,0,20",7,"org.axonframework.commandhandling.gateway.CommandGatewayFactory$InvocationHandler,org.axonframework.commandhandling.gateway.CommandGatewayFactory$1,org.axonframework.commandhandling.gateway.CommandGatewayFactory$WaitForResultWithTimeoutInArguments,org.axonframework.commandhandling.gateway.CommandGatewayFactory$WrapNonDeclaredCheckedExceptions,org.axonframework.commandhandling.gateway.CommandGatewayFactory$WaitForResult,org.axonframework.commandhandling.gateway.CommandGatewayFactory$FireAndForget,org.axonframework.commandhandling.gateway.CommandGatewayFactory$WaitForResultWithFixedTimeout",""
1265,21,"1265,160,62,21",7,"org.axonframework.common.jdbc.Oracle11Utils,org.axonframework.modelling.saga.repository.jdbc.GenericSagaSqlSchema,org.axonframework.modelling.saga.repository.jdbc.SagaSchema,org.axonframework.modelling.saga.repository.jdbc.HsqlSagaSqlSchema,org.axonframework.modelling.saga.repository.jdbc.SagaSchema$Builder,org.axonframework.modelling.saga.repository.jdbc.Oracle11SagaSqlSchema,org.axonframework.modelling.saga.repository.jdbc.PostgresSagaSqlSchema",""
1342,26,"1342,137,37,26",7,"org.axonframework.springboot.util.XStreamSecurityTypeUtility,org.axonframework.springboot.autoconfig.XStreamAutoConfiguration$XStreamConfiguredCondition$MessagesXStreamCondition,org.axonframework.springboot.autoconfig.XStreamAutoConfiguration$XStreamConfiguredCondition,org.axonframework.springboot.autoconfig.XStreamAutoConfiguration$XStreamConfiguredCondition$EventsXStreamCondition,org.axonframework.springboot.autoconfig.XStreamAutoConfiguration$XStreamConfiguredCondition$GeneralXStreamCondition,org.axonframework.springboot.autoconfig.XStreamAutoConfiguration$XStreamConfiguredCondition$GeneralDefaultCondition,org.axonframework.springboot.autoconfig.XStreamAutoConfiguration",""
468,2,"468,73,30,2",6,"org.axonframework.modelling.command.ConcurrencyException,org.axonframework.modelling.command.LockAwareAggregate,org.axonframework.modelling.command.LockingRepository,org.axonframework.common.lock.NoOpLock,org.axonframework.common.lock.Lock,org.axonframework.modelling.command.LockAwareAggregate$LockSupplier",""
462,2,"462,0,30,2",6,"org.axonframework.eventsourcing.AbstractSnapshotter$Builder,org.axonframework.common.DirectExecutor,org.axonframework.eventsourcing.AggregateSnapshotter$1,org.axonframework.eventsourcing.AggregateSnapshotter,org.axonframework.eventsourcing.AggregateSnapshotter$Builder,org.axonframework.eventsourcing.AggregateSnapshotter$SnapshotAggregate",""
852,4,"852,5,4,4",6,"org.axonframework.serialization.xml.XStreamSerializer,org.axonframework.serialization.xml.XStreamSerializer$Builder,org.axonframework.serialization.AbstractXStreamSerializer$Builder,org.axonframework.serialization.xml.XomToStringConverter,org.axonframework.serialization.xml.CompactDriver,org.axonframework.serialization.xml.Dom4JToByteArrayConverter",""
503,5,"503,23,82,5",6,"org.axonframework.eventsourcing.eventstore.EmbeddedEventStore$1,org.axonframework.eventsourcing.eventstore.EmbeddedEventStore,org.axonframework.eventsourcing.eventstore.EmbeddedEventStore$EventConsumer,org.axonframework.eventsourcing.eventstore.EmbeddedEventStore$EventProducer,org.axonframework.eventsourcing.eventstore.EmbeddedEventStore$Node,org.axonframework.eventsourcing.eventstore.EmbeddedEventStore$Cleaner",""
560,5,"560,23,82,5",6,"org.axonframework.eventsourcing.eventstore.legacyjpa.EmbeddedEventStore,org.axonframework.eventsourcing.eventstore.legacyjpa.EmbeddedEventStore$EventProducer,org.axonframework.eventsourcing.eventstore.legacyjpa.EmbeddedEventStore$Cleaner,org.axonframework.eventsourcing.eventstore.legacyjpa.EmbeddedEventStore$EventConsumer,org.axonframework.eventsourcing.eventstore.legacyjpa.EmbeddedEventStore$Node,org.axonframework.eventsourcing.eventstore.legacyjpa.EmbeddedEventStore$1",""
1261,9,"1261,150,39,9",6,"org.axonframework.common.caching.Cache,org.axonframework.modelling.saga.repository.SagaStore,org.axonframework.modelling.saga.repository.SagaStore$Entry,org.axonframework.modelling.saga.repository.CachingSagaStore$Builder,org.axonframework.modelling.saga.repository.CachingSagaStore,org.axonframework.modelling.saga.repository.CachingSagaStore$CacheEntry",""
1249,9,"1249,6,29,9",6,"org.axonframework.messaging.interceptors.ResultHandler,org.axonframework.messaging.annotation.HasHandlerAttributes,org.axonframework.lifecycle.ShutdownHandler,org.axonframework.lifecycle.StartHandler,org.axonframework.modelling.saga.EndSaga,org.axonframework.modelling.saga.StartSaga",""
1233,9,"1233,31,39,9",6,"org.axonframework.eventhandling.ResetNotSupportedException,org.axonframework.modelling.saga.SagaRepository,org.axonframework.modelling.saga.Saga,org.axonframework.modelling.saga.AbstractSagaManager,org.axonframework.modelling.saga.SagaScopeDescriptor,org.axonframework.modelling.saga.repository.LockingSagaRepository",""
158,12,"158,286,14,12",6,"org.axonframework.test.saga.GivenAggregateEventPublisher,org.axonframework.test.saga.ContinuedGivenState,org.axonframework.test.saga.RecordingListenerInvocationErrorHandler,org.axonframework.test.saga.SagaTestFixture$AggregateEventPublisherImpl,org.axonframework.test.saga.SagaTestFixture,org.axonframework.test.saga.FixtureConfiguration",""
439,14,"439,304,5,14",6,"org.axonframework.eventsourcing.eventstore.DomainEventStream,org.axonframework.eventsourcing.eventstore.DomainEventStream$2,org.axonframework.eventsourcing.eventstore.FilteringDomainEventStream,org.axonframework.eventsourcing.eventstore.DomainEventStream$1,org.axonframework.eventsourcing.eventstore.ConcatenatingDomainEventStream,org.axonframework.eventsourcing.eventstore.SequenceEventStorageEngine$ConcatenatingDomainEventStream",""
372,14,"372,110,5,14",6,"org.axonframework.eventsourcing.eventstore.EventStoreException,org.axonframework.axonserver.connector.event.axon.AxonServerEventStore,org.axonframework.axonserver.connector.event.axon.AxonServerEventStore$AxonIQEventStorageEngine,org.axonframework.axonserver.connector.event.axon.AxonServerEventStore$AxonServerMessageSource,org.axonframework.axonserver.connector.event.axon.AxonServerEventStore$1,org.axonframework.axonserver.connector.event.axon.AxonServerEventStore$AxonIQEventStorageEngine$1",""
426,14,"426,304,5,14",6,"org.axonframework.eventsourcing.conflictresolution.ConflictResolution,org.axonframework.eventsourcing.conflictresolution.ConflictResolver,org.axonframework.eventsourcing.conflictresolution.NoConflictResolver,org.axonframework.eventsourcing.conflictresolution.ContextAwareConflictExceptionSupplier,org.axonframework.eventsourcing.conflictresolution.ConflictExceptionSupplier,org.axonframework.eventsourcing.conflictresolution.ConflictDescription",""
714,20,"714,189,23,20",6,"org.axonframework.commandhandling.distributed.Member,org.axonframework.commandhandling.distributed.ConsistentHash$1,org.axonframework.commandhandling.distributed.ConsistentHash,org.axonframework.commandhandling.distributed.ConsistentHash$ConsistentHashMember,org.axonframework.commandhandling.distributed.ConsistentHashChangeListener,org.axonframework.commandhandling.distributed.SimpleMember",""
1401,23,"1401,53,8,23",6,"org.axonframework.common.Assert,org.axonframework.test.server.AxonServerContainerUtils,org.axonframework.common.jpa.SimpleEntityManagerProvider,org.axonframework.common.legacyjpa.SimpleEntityManagerProvider,org.axonframework.config.MessageMonitorFactoryBuilder,org.axonframework.config.MessageMonitorFactory",""
306,25,"306,46,1,25",6,"org.axonframework.axonserver.connector.util.GrpcObjectSerializer$Serializer,org.axonframework.axonserver.connector.util.GrpcPayloadSerializer,org.axonframework.axonserver.connector.util.GrpcObjectSerializer,org.axonframework.axonserver.connector.util.GrpcPayloadSerializer$1,org.axonframework.axonserver.connector.util.ExceptionSerializer,org.axonframework.axonserver.connector.query.subscription.SubscriptionMessageSerializer",""
105,2,"105,164,30,2",5,"org.axonframework.modelling.command.Aggregate,org.axonframework.modelling.command.Repository,org.axonframework.test.aggregate.AggregateTestFixture$IdentifierValidatingRepository,org.axonframework.modelling.command.AggregateScopeDescriptor,org.axonframework.modelling.command.AbstractRepository",""
828,4,"828,82,4,4",5,"org.axonframework.deadline.SimpleDeadlineManager$1,org.axonframework.deadline.SimpleDeadlineManager,org.axonframework.deadline.SimpleDeadlineManager$DeadlineId,org.axonframework.deadline.SimpleDeadlineManager$Builder,org.axonframework.deadline.SimpleDeadlineManager$DeadlineTask",""
1019,4,"1019,41,4,4",5,"org.axonframework.eventhandling.scheduling.quartz.EventJobDataBinder,org.axonframework.eventhandling.scheduling.SchedulingException,org.axonframework.eventhandling.scheduling.quartz.QuartzEventScheduler$Builder,org.axonframework.eventhandling.scheduling.quartz.QuartzEventScheduler,org.axonframework.eventhandling.scheduling.quartz.QuartzScheduleToken",""
1243,9,"1243,6,39,9",5,"org.axonframework.modelling.saga.repository.AnnotatedSagaRepository$Builder,org.axonframework.modelling.saga.metamodel.SagaModel,org.axonframework.modelling.saga.metamodel.SagaMetaModelFactory,org.axonframework.modelling.saga.metamodel.AnnotationSagaMetaModelFactory,org.axonframework.modelling.saga.repository.LockingSagaRepository$Builder",""
122,12,"122,286,14,12",5,"org.axonframework.test.matchers.ListWithAllOfMatcher,org.axonframework.test.matchers.ListWithAnyOfMatcher,org.axonframework.test.matchers.ExactSequenceMatcher,org.axonframework.test.matchers.SequenceMatcher,org.axonframework.test.matchers.ListMatcher",""
695,16,"695,57,2,16",5,"org.axonframework.messaging.unitofwork.RollbackConfigurationType,org.axonframework.messaging.unitofwork.RollbackConfigurationType$4,org.axonframework.messaging.unitofwork.RollbackConfigurationType$3,org.axonframework.messaging.unitofwork.RollbackConfigurationType$2,org.axonframework.messaging.unitofwork.RollbackConfigurationType$1",""
1354,16,"1354,7,2,16",5,"org.axonframework.springboot.autoconfig.OpenTelemetryAutoConfiguration,org.axonframework.tracing.opentelemetry.OpenTelemetrySpanFactory$Builder,org.axonframework.tracing.opentelemetry.OpenTelemetrySpanFactory,org.axonframework.tracing.opentelemetry.MetadataContextSetter,org.axonframework.tracing.opentelemetry.OpenTelemetrySpan",""
673,20,"673,189,23,20",5,"org.axonframework.commandhandling.CommandCallback,org.axonframework.commandhandling.WrappedCommandCallback,org.axonframework.commandhandling.callbacks.FailureLoggingCallback,org.axonframework.commandhandling.gateway.CommandGatewayFactory$TypeSafeCallbackWrapper,org.axonframework.commandhandling.gateway.CommandGatewayFactory$CompositeCallback",""
1317,23,"1317,132,8,23",5,"org.axonframework.springboot.MetricsProperties$AutoConfiguration,org.axonframework.springboot.MetricsProperties,org.axonframework.springboot.MetricsProperties$Micrometer,org.axonframework.springboot.autoconfig.MicrometerMetricsAutoConfiguration,org.axonframework.springboot.autoconfig.MetricsAutoConfiguration",""
479,4,"479,5,4,4",4,"org.axonframework.eventhandling.EventUtils,org.axonframework.serialization.upcasting.event.NoOpEventUpcaster,org.axonframework.eventsourcing.EventStreamUtils,org.axonframework.serialization.upcasting.event.IntermediateEventRepresentation",""
306,4,"306,5,4,4",4,"org.axonframework.axonserver.connector.util.GrpcMetaDataConverter,org.axonframework.axonserver.connector.util.GrpcMetaDataConverter$1,org.axonframework.axonserver.connector.util.GrpcMetadataSerializer,org.axonframework.axonserver.connector.command.CommandSerializer",""
401,4,"401,146,4,4",4,"org.axonframework.axonserver.connector.event.util.GrpcExceptionParser,org.axonframework.axonserver.connector.event.axon.AxonServerEventScheduler$Builder,org.axonframework.axonserver.connector.event.axon.AxonServerEventScheduler,org.axonframework.eventhandling.scheduling.java.SimpleScheduleToken",""
639,4,"639,82,4,4",4,"org.axonframework.messaging.annotation.ScopeDescriptorParameterResolverFactory,org.axonframework.messaging.annotation.ScopeDescriptorParameterResolverFactory$1,org.axonframework.messaging.annotation.ScopeDescriptorParameterResolverFactory$ScopeDescriptorParameterResolver,org.axonframework.messaging.NoScopeDescriptor",""
76,9,"76,6,29,9",4,"org.axonframework.messaging.annotation.ClasspathHandlerEnhancerDefinition,org.axonframework.messaging.annotation.HandlerEnhancerDefinition,org.axonframework.messaging.annotation.MultiHandlerEnhancerDefinition,org.axonframework.common.annotation.PriorityAnnotationComparator",""
1157,9,"1157,186,39,9",4,"org.axonframework.modelling.saga.AnnotatedSagaManager,org.axonframework.modelling.saga.SagaCreationPolicy,org.axonframework.modelling.saga.SagaMethodMessageHandlingMember,org.axonframework.modelling.saga.SagaInitializationPolicy",""
1180,9,"1180,6,39,9",4,"org.axonframework.messaging.annotation.MessageHandlerInterceptorMemberChain,org.axonframework.messaging.annotation.AnnotatedHandlerInspector$1,org.axonframework.messaging.annotation.NoMoreInterceptors,org.axonframework.messaging.annotation.AnnotatedHandlerInspector$ChainedMessageHandlerInterceptorMember",""
772,9,"772,90,29,9",4,"org.axonframework.common.TypeReflectionUtils,org.axonframework.common.TypeReflectionUtils$VarMap,org.axonframework.common.TypeReflectionUtils$VarMap$ParameterizedTypeImpl,org.axonframework.common.TypeReflectionUtils$VarMap$UnresolvedTypeVariableException",""
1259,9,"1259,157,39,9",4,"org.axonframework.modelling.saga.repository.AssociationValueMap$1,org.axonframework.modelling.saga.repository.AssociationValueMap,org.axonframework.modelling.saga.repository.AssociationValueMap$SagaAssociationValue,org.axonframework.modelling.saga.repository.AssociationValueMap$AssociationValueComparator",""
176,12,"176,286,14,12",4,"org.axonframework.test.saga.SagaTestFixture$WrappingResourceInjector,org.axonframework.test.saga.SagaTestFixture$TransienceValidatingResourceInjector,org.axonframework.modelling.saga.SimpleResourceInjector,org.axonframework.test.utils.AutowiredResourceInjector",""
893,15,"893,31,42,15",4,"org.axonframework.eventhandling.EventMessageHandler,org.axonframework.eventhandling.LoggingErrorHandler,org.axonframework.eventhandling.SimpleEventHandlerInvoker$Builder,org.axonframework.eventhandling.SimpleEventHandlerInvoker",""
916,15,"916,31,42,15",4,"org.axonframework.eventhandling.async.PropertySequencingPolicy$1,org.axonframework.eventhandling.async.PropertySequencingPolicy,org.axonframework.eventhandling.async.PropertySequencingPolicy$Builder$ExceptionRaisingSequencingPolicy,org.axonframework.eventhandling.async.PropertySequencingPolicy$Builder",""
923,15,"923,40,42,15",4,"org.axonframework.eventhandling.async.EventProcessorTask,org.axonframework.eventhandling.async.EventProcessorTask$ShutdownCallback,org.axonframework.eventhandling.async.AsynchronousEventProcessingStrategy$NoActionCallback,org.axonframework.eventhandling.async.EventProcessorTask$ProcessingTask",""
939,15,"939,12,42,15",4,"org.axonframework.messaging.deadletter.Decisions,org.axonframework.messaging.deadletter.ShouldEnqueue,org.axonframework.messaging.deadletter.DoNotEnqueue,org.axonframework.messaging.deadletter.Ignore",""
698,16,"698,7,2,16",4,"org.axonframework.messaging.unitofwork.DefaultUnitOfWork,org.axonframework.messaging.unitofwork.BatchingUnitOfWork,org.axonframework.messaging.unitofwork.ExecutionResult,org.axonframework.messaging.unitofwork.MessageProcessingContext",""
620,16,"620,7,2,16",4,"org.axonframework.eventhandling.replay.ReplayParameterResolverFactory,org.axonframework.eventhandling.ReplayStatus,org.axonframework.eventhandling.replay.ReplayParameterResolverFactory$1,org.axonframework.eventhandling.replay.ReplayParameterResolverFactory$ReplayParameterResolver",""
703,20,"703,189,23,20",4,"org.axonframework.commandhandling.distributed.AnnotationRoutingStrategy,org.axonframework.commandhandling.RoutingKey,org.axonframework.commandhandling.distributed.AnnotationRoutingStrategy$Builder,org.axonframework.commandhandling.distributed.AnnotationRoutingStrategy$RoutingKeyResolver",""
727,20,"727,189,23,20",4,"org.axonframework.commandhandling.distributed.CommandBusConnector,org.axonframework.commandhandling.distributed.CommandRouter,org.axonframework.commandhandling.distributed.DistributedCommandBus$Builder,org.axonframework.commandhandling.distributed.DistributedCommandBus",""
976,20,"976,106,0,20",4,"org.axonframework.eventhandling.gateway.AbstractEventGateway$Builder,org.axonframework.eventhandling.gateway.AbstractEventGateway,org.axonframework.eventhandling.gateway.DefaultEventGateway$Builder,org.axonframework.eventhandling.gateway.DefaultEventGateway",""
1197,20,"1197,189,23,20",4,"org.axonframework.modelling.command.AnnotationCommandTargetResolver$Builder,org.axonframework.modelling.command.AnnotationCommandTargetResolver,org.axonframework.modelling.command.TargetAggregateVersion,org.axonframework.modelling.command.TargetAggregateIdentifier",""
362,23,"362,53,8,23",4,"org.axonframework.axonserver.connector.AxonServerConfiguration$Eventhandling$ProcessorSettings,org.axonframework.axonserver.connector.AxonServerConfiguration$Eventhandling,org.axonframework.axonserver.connector.processor.EventProcessorControlService,org.axonframework.axonserver.connector.processor.EventProcessorControlService$AxonProcessorInstructionHandler",""
262,23,"262,146,20,23",4,"org.axonframework.axonserver.connector.util.Scheduler,org.axonframework.axonserver.connector.util.Scheduler$ScheduledTask,org.axonframework.axonserver.connector.heartbeat.HeartbeatMonitor,org.axonframework.axonserver.connector.heartbeat.HeartbeatMonitor$DefaultScheduler",""
1361,23,"1361,146,20,23",4,"org.axonframework.actuator.HealthStatus,org.axonframework.actuator.axonserver.AxonServerHealthIndicator,org.axonframework.actuator.axonserver.AxonServerStatusAggregator,org.axonframework.springboot.autoconfig.AxonServerActuatorAutoConfiguration",""
225,25,"225,46,1,25",4,"org.axonframework.axonserver.connector.util.PriorityExecutorService,org.axonframework.axonserver.connector.PriorityCallable,org.axonframework.axonserver.connector.PriorityTask,org.axonframework.axonserver.connector.util.PriorityTaskSchedulers",""
303,25,"303,46,1,25",4,"org.axonframework.messaging.responsetypes.MultipleInstancesResponseType,org.axonframework.messaging.responsetypes.InstanceResponseType,org.axonframework.util.ClasspathResolver,org.axonframework.messaging.responsetypes.AbstractResponseType",""
849,4,"849,82,4,4",3,"org.axonframework.deadline.DeadlineException,org.axonframework.deadline.quartz.QuartzDeadlineManager$Builder,org.axonframework.deadline.quartz.QuartzDeadlineManager",""
962,4,"962,5,4,4",3,"org.axonframework.eventhandling.deadletter.jpa.DeadLetterEventEntry,org.axonframework.eventhandling.deadletter.jpa.EventMessageDeadLetterJpaConverter,org.axonframework.eventhandling.deadletter.legacyjpa.EventMessageDeadLetterJpaConverter",""
1011,4,"1011,146,4,4",3,"org.axonframework.eventhandling.scheduling.java.SimpleEventScheduler$Builder,org.axonframework.eventhandling.scheduling.java.SimpleEventScheduler,org.axonframework.eventhandling.scheduling.java.SimpleEventScheduler$PublishEventTask",""
1014,4,"1014,5,4,4",3,"org.axonframework.eventhandling.scheduling.jobrunr.JobRunrEventScheduler$Builder,org.axonframework.eventhandling.scheduling.jobrunr.JobRunrEventScheduler,org.axonframework.eventhandling.scheduling.jobrunr.JobRunrScheduleToken",""
869,5,"869,27,82,5",3,"org.axonframework.eventhandling.EventTrackerStatus,org.axonframework.eventhandling.WrappedTrackerStatus,org.axonframework.eventhandling.AddedTrackerStatus",""
889,5,"889,23,82,5",3,"org.axonframework.eventhandling.MultiStreamableMessageSource$Builder,org.axonframework.eventhandling.MultiStreamableMessageSource,org.axonframework.eventhandling.MultiStreamableMessageSource$IdentifiedStreamableMessageSource",""
612,5,"612,27,82,5",3,"org.axonframework.eventhandling.TrackingTokenParameterResolverFactory,org.axonframework.eventhandling.TrackingTokenParameterResolverFactory$TrackingTokenParameterResolver,org.axonframework.eventhandling.TrackingTokenParameterResolverFactory$1",""
78,9,"78,6,29,9",3,"org.axonframework.messaging.annotation.ParameterResolverFactory,org.axonframework.messaging.annotation.MultiParameterResolverFactory,org.axonframework.messaging.annotation.ClasspathParameterResolverFactory",""
93,9,"93,6,29,9",3,"org.axonframework.messaging.annotation.MultiHandlerDefinition,org.axonframework.messaging.annotation.HandlerDefinition,org.axonframework.messaging.annotation.ClasspathHandlerDefinition",""
1263,9,"1263,150,39,9",3,"org.axonframework.test.saga.RepositoryContentValidator,org.axonframework.modelling.saga.repository.inmemory.InMemorySagaStore,org.axonframework.modelling.saga.repository.inmemory.InMemorySagaStore$ManagedSaga",""
1226,9,"1226,31,39,9",3,"org.axonframework.modelling.saga.AnnotatedSagaManager$Builder,org.axonframework.modelling.saga.AbstractSagaManager$Builder,org.axonframework.modelling.saga.SagaManagerSpanFactory",""
1237,9,"1237,150,39,9",3,"org.axonframework.modelling.saga.repository.AnnotatedSagaRepository,org.axonframework.modelling.saga.AnnotatedSaga,org.axonframework.modelling.saga.SagaExecutionException",""
476,9,"476,186,29,9",3,"org.axonframework.eventsourcing.EventSourcingHandler,org.axonframework.eventhandling.EventHandler,org.axonframework.modelling.saga.SagaEventHandler",""
574,9,"574,90,29,9",3,"org.axonframework.common.property.UniformPropertyAccessStrategy,org.axonframework.common.property.AbstractMethodPropertyAccessStrategy,org.axonframework.common.property.BeanPropertyAccessStrategy",""
637,9,"637,6,29,9",3,"org.axonframework.messaging.annotation.ResultParameterResolverFactory,org.axonframework.messaging.annotation.ResultParameterResolverFactory$ExceptionResultParameterResolver,org.axonframework.messaging.annotation.ResultParameterResolverFactory$1",""
1147,9,"1147,6,29,9",3,"org.axonframework.tracing.TracingHandlerEnhancerDefinition$1,org.axonframework.tracing.TracingHandlerEnhancerDefinition,org.axonframework.tracing.TracingHandlerEnhancerDefinition$Builder",""
320,11,"320,263,57,11",3,"org.axonframework.messaging.HandlerExecutionException,org.axonframework.queryhandling.QueryExecutionException,org.axonframework.commandhandling.CommandExecutionException",""
34,12,"34,286,14,12",3,"org.axonframework.test.deadline.StubDeadlineManager,org.axonframework.test.deadline.ScheduledDeadlineInfo,org.axonframework.test.deadline.DeadlineConsumer",""
151,12,"151,286,14,12",3,"org.axonframework.test.eventscheduler.StubEventScheduler,org.axonframework.test.eventscheduler.StubScheduleToken,org.axonframework.test.eventscheduler.EventConsumer",""
529,14,"529,304,5,14",3,"org.axonframework.eventsourcing.eventstore.EventStorageEngine,org.axonframework.eventsourcing.FilteringEventStorageEngine,org.axonframework.eventsourcing.eventstore.SequenceEventStorageEngine",""
411,14,"411,110,5,14",3,"org.axonframework.axonserver.connector.event.axon.QueryResultStream,org.axonframework.axonserver.connector.event.axon.QueryResultStreamAdapter,org.axonframework.axonserver.connector.event.axon.QueryResult",""
920,15,"920,40,42,15",3,"org.axonframework.eventhandling.async.AsynchronousEventProcessingStrategy$1,org.axonframework.eventhandling.async.AsynchronousEventProcessingStrategy,org.axonframework.eventhandling.async.AsynchronousEventProcessingStrategy$SchedulerCleanUp",""
622,16,"622,7,2,16",3,"org.axonframework.eventhandling.replay.ReplayContextParameterResolverFactory,org.axonframework.eventhandling.replay.ReplayContextParameterResolverFactory$ReplayContextParameterResolver,org.axonframework.eventhandling.replay.ReplayContext",""
791,16,"791,57,2,16",3,"org.axonframework.common.jdbc.ConnectionWrapperFactory$ConnectionCloseHandler,org.axonframework.common.jdbc.ConnectionWrapperFactory$NoOpCloseHandler,org.axonframework.common.jdbc.ConnectionWrapperFactory",""
1048,16,"1048,7,2,16",3,"org.axonframework.messaging.HandlerAttributes,org.axonframework.messaging.SimpleHandlerAttributes,org.axonframework.messaging.annotation.AnnotatedHandlerAttributes",""
795,18,"795,35,36,18",3,"org.axonframework.common.jdbc.PagingJdbcIterable$PagingIterator,org.axonframework.common.jdbc.PagingJdbcIterable,org.axonframework.common.jdbc.PagingJdbcIterable$PagingStatementSupplier",""
125,20,"125,106,0,20",3,"org.axonframework.test.saga.SagaTestFixture$StubAwareCommandGatewayFactory$Builder,org.axonframework.test.saga.SagaTestFixture$StubAwareCommandGatewayFactory,org.axonframework.test.saga.SagaTestFixture$ReturnResultFromStub",""
711,20,"711,189,23,20",3,"org.axonframework.commandhandling.distributed.CommandBusConnectorCommunicationException,org.axonframework.commandhandling.distributed.CommandCallbackRepository,org.axonframework.commandhandling.distributed.CommandCallbackWrapper",""
739,20,"739,106,0,20",3,"org.axonframework.commandhandling.gateway.RetryingCallback,org.axonframework.commandhandling.gateway.RetryingCallback$RetryDispatch,org.axonframework.commandhandling.gateway.RetryingCallback$1",""
1186,20,"1186,189,23,20",3,"org.axonframework.modelling.command.CreationPolicy,org.axonframework.modelling.command.AggregateAnnotationCommandHandler$1,org.axonframework.modelling.command.AggregateCreationPolicy",""
1320,23,"1320,146,20,23",3,"org.axonframework.test.server.AxonServerContainer,org.axonframework.springboot.service.connection.AxonServerTestContainerConnectionDetailsFactory,org.axonframework.springboot.service.connection.AxonServerTestContainerConnectionDetailsFactory$AxonServerContainerConnectionDetails",""
272,23,"272,146,20,23",3,"org.axonframework.axonserver.connector.heartbeat.ConnectionSanityChecker,org.axonframework.axonserver.connector.heartbeat.connection.checker.ActiveGrpcChannelChecker,org.axonframework.axonserver.connector.heartbeat.connection.checker.HeartbeatConnectionChecker",""
394,23,"394,146,20,23",3,"org.axonframework.axonserver.connector.event.axon.PersistentStreamConnection,org.axonframework.axonserver.connector.event.axon.PersistentStreamConnection$SegmentConnection,org.axonframework.axonserver.connector.event.axon.PersistentStreamMessageSource",""
788,25,"788,46,1,25",3,"org.axonframework.common.Registration,org.axonframework.axonserver.connector.command.AxonServerRegistration,org.axonframework.queryhandling.QueryHandlerAdapter",""
232,0,"232,250,17,0",2,"org.axonframework.axonserver.connector.util.TokenAddingInterceptor$1,org.axonframework.axonserver.connector.util.TokenAddingInterceptor",""
243,1,"243,254,19,1",2,"org.axonframework.axonserver.connector.util.GrpcBufferingInterceptor$AdditionalMessageRequestingCall,org.axonframework.axonserver.connector.util.GrpcBufferingInterceptor",""
454,2,"454,164,30,2",2,"org.axonframework.eventsourcing.GenericAggregateFactory,org.axonframework.eventsourcing.IncompatibleAggregateException",""
119,2,"119,80,30,2",2,"org.axonframework.test.aggregate.StubAggregateLifecycleRule,org.axonframework.test.aggregate.StubAggregateLifecycleRule$1",""
1223,2,"1223,164,30,2",2,"org.axonframework.eventhandling.DomainEventSequenceAware,org.axonframework.modelling.command.legacyjpa.GenericJpaRepository",""
459,2,"459,164,30,2",2,"org.axonframework.eventsourcing.AggregateLoadTimeSnapshotTriggerDefinition$AggregateLoadTimeSnapshotTrigger,org.axonframework.eventsourcing.AggregateLoadTimeSnapshotTriggerDefinition",""
474,2,"474,164,30,2",2,"org.axonframework.eventsourcing.EventCountSnapshotTriggerDefinition$EventCountSnapshotTrigger,org.axonframework.eventsourcing.EventCountSnapshotTriggerDefinition",""
767,4,"767,146,4,4",2,"org.axonframework.common.IdentifierFactory,org.axonframework.common.DefaultIdentifierFactory",""
153,4,"153,146,4,4",2,"org.axonframework.eventhandling.scheduling.EventScheduler,org.axonframework.eventhandling.scheduling.ScheduleToken",""
836,4,"836,53,4,4",2,"org.axonframework.lifecycle.Lifecycle,org.axonframework.lifecycle.Lifecycle$LifecycleRegistry",""
1395,4,"1395,53,4,4",2,"org.axonframework.lifecycle.Lifecycle$LifecycleHandler,org.axonframework.config.LifecycleHandlerInspector$1",""
220,4,"220,82,4,4",2,"org.axonframework.deadline.DefaultDeadlineManagerSpanFactory$Builder,org.axonframework.deadline.DefaultDeadlineManagerSpanFactory",""
1105,4,"1105,5,4,4",2,"org.axonframework.serialization.AnnotationRevisionResolver,org.axonframework.serialization.Revision",""
1134,4,"1134,5,4,4",2,"org.axonframework.serialization.upcasting.SingleEntryUpcaster,org.axonframework.serialization.upcasting.event.SingleEventUpcaster",""
1133,4,"1133,5,4,4",2,"org.axonframework.serialization.upcasting.event.EventTypeUpcaster$Builder,org.axonframework.serialization.upcasting.event.EventTypeUpcaster",""
1407,4,"1407,53,4,4",2,"org.axonframework.config.LifecycleHandlerInspector,org.axonframework.config.LifecycleHandlerInspector$LifecycleRegistration",""
531,5,"531,27,82,5",2,"org.axonframework.eventhandling.GlobalSequenceTrackingToken,org.axonframework.eventsourcing.eventstore.inmemory.InMemoryEventStorageEngine",""
1024,5,"1024,27,82,5",2,"org.axonframework.eventhandling.tokenstore.inmemory.InMemoryTokenStore,org.axonframework.eventhandling.tokenstore.inmemory.InMemoryTokenStore$ProcessAndSegment",""
362,5,"362,27,82,5",2,"org.axonframework.axonserver.connector.processor.StreamingEventProcessorInfoMessage,org.axonframework.eventhandling.StreamingEventProcessor",""
487,5,"487,23,82,5",2,"org.axonframework.eventsourcing.MultiStreamableMessageSource$Builder,org.axonframework.eventsourcing.MultiStreamableMessageSource",""
818,5,"818,23,82,5",2,"org.axonframework.common.stream.StreamUtils,org.axonframework.common.stream.StreamUtils$1",""
995,5,"995,27,82,5",2,"org.axonframework.eventhandling.pooled.ClaimTask,org.axonframework.eventhandling.pooled.CoordinatorTask",""
990,5,"990,58,82,5",2,"org.axonframework.eventhandling.pooled.WorkPackage$BatchProcessingEntry,org.axonframework.eventhandling.pooled.WorkPackage$ProcessingEntry",""
275,8,"275,274,60,8",2,"org.axonframework.axonserver.connector.DefaultHandlers,org.axonframework.axonserver.connector.Handlers",""
877,9,"877,6,29,9",2,"org.axonframework.eventhandling.AllowReplay,org.axonframework.eventhandling.DisallowReplay",""
816,9,"816,90,29,9",2,"org.axonframework.common.property.MethodAccessedProperty,org.axonframework.common.property.PropertyAccessException",""
1158,9,"1158,186,29,9",2,"org.axonframework.modelling.saga.SagaMethodMessageHandlerDefinition,org.axonframework.modelling.saga.AssociationResolver",""
1230,9,"1230,31,39,9",2,"org.axonframework.modelling.saga.DefaultSagaManagerSpanFactory,org.axonframework.modelling.saga.DefaultSagaManagerSpanFactory$Builder",""
32,12,"32,286,14,12",2,"org.axonframework.test.aggregate.Reporter,org.axonframework.test.AxonAssertionError",""
148,12,"148,286,14,12",2,"org.axonframework.test.eventscheduler.EventSchedulerValidator,org.axonframework.test.eventscheduler.ScheduledItem",""
379,14,"379,181,5,14",2,"org.axonframework.eventhandling.DefaultEventBusSpanFactory$Builder,org.axonframework.eventhandling.DefaultEventBusSpanFactory",""
1005,14,"1005,110,5,14",2,"org.axonframework.eventhandling.AbstractSequencedDomainEventEntry,org.axonframework.eventhandling.AbstractDomainEventEntry",""
570,14,"570,110,5,14",2,"org.axonframework.eventsourcing.snapshotting.RevisionSnapshotFilter$Builder,org.axonframework.eventsourcing.snapshotting.RevisionSnapshotFilter",""
744,14,"744,110,5,14",2,"org.axonframework.commandhandling.gateway.AxonNonTransientExceptionClassesPredicate,org.axonframework.commandhandling.gateway.NonTransientExceptionClassesPredicate",""
762,14,"762,110,5,14",2,"org.axonframework.commandhandling.gateway.ExponentialBackOffIntervalRetryScheduler$Builder,org.axonframework.commandhandling.gateway.ExponentialBackOffIntervalRetryScheduler",""
764,14,"764,110,5,14",2,"org.axonframework.commandhandling.gateway.IntervalRetryScheduler$Builder,org.axonframework.commandhandling.gateway.IntervalRetryScheduler",""
1126,14,"1126,302,5,14",2,"org.axonframework.serialization.upcasting.Upcaster,org.axonframework.serialization.upcasting.GenericUpcasterChain",""
1107,14,"1107,110,5,14",2,"org.axonframework.serialization.GapAwareTrackingTokenConverter,org.axonframework.serialization.GapAwareTrackingTokenConverter$ReflectivelyConstructedGapSetConverter",""
1129,14,"1129,302,5,14",2,"org.axonframework.serialization.upcasting.ContextAwareSingleEntryMultiUpcaster,org.axonframework.serialization.upcasting.event.ContextAwareEventMultiUpcaster",""
1130,14,"1130,302,5,14",2,"org.axonframework.serialization.upcasting.ContextAwareSingleEntryUpcaster,org.axonframework.serialization.upcasting.event.ContextAwareSingleEventUpcaster",""
1131,14,"1131,302,5,14",2,"org.axonframework.serialization.upcasting.SingleEntryMultiUpcaster,org.axonframework.serialization.upcasting.event.EventMultiUpcaster",""
492,15,"492,12,42,15",2,"org.axonframework.messaging.deadletter.DeadLetterParameterResolverFactory,org.axonframework.messaging.deadletter.DeadLetterParameterResolverFactory$DeadLetterParameterResolver",""
799,15,"799,12,42,15",2,"org.axonframework.common.jpa.PagingJpaQueryIterable$PagingIterator,org.axonframework.common.jpa.PagingJpaQueryIterable",""
805,15,"805,12,42,15",2,"org.axonframework.common.legacyjpa.PagingJpaQueryIterable$PagingIterator,org.axonframework.common.legacyjpa.PagingJpaQueryIterable",""
4,16,"4,7,2,16",2,"org.axonframework.test.FixtureResourceParameterResolverFactory,org.axonframework.test.FixtureResourceParameterResolverFactory$FailingParameterResolver",""
603,16,"603,57,2,16",2,"org.axonframework.messaging.InterceptorChain,org.axonframework.messaging.annotation.InterceptorChainParameterResolverFactory",""
697,16,"697,57,2,16",2,"org.axonframework.messaging.unitofwork.UnitOfWork$Phase,org.axonframework.messaging.unitofwork.AbstractUnitOfWork",""
710,18,"710,35,36,18",2,"org.axonframework.common.AxonTransientException,org.axonframework.eventhandling.tokenstore.UnableToInitializeTokenException",""
545,18,"545,34,36,18",2,"org.axonframework.springboot.util.DefaultEntityRegistrar,org.axonframework.springboot.util.RegisterDefaultEntities",""
389,20,"389,189,23,20",2,"org.axonframework.axonserver.connector.command.AxonServerCommandDispatchException,org.axonframework.commandhandling.distributed.CommandDispatchException",""
376,20,"376,189,23,20",2,"org.axonframework.commandhandling.DefaultCommandBusSpanFactory,org.axonframework.commandhandling.DefaultCommandBusSpanFactory$Builder",""
731,20,"731,189,23,20",2,"org.axonframework.commandhandling.distributed.MetaDataRoutingStrategy$Builder,org.axonframework.commandhandling.distributed.MetaDataRoutingStrategy",""
1304,22,"1304,144,65,22",2,"org.axonframework.springboot.DistributedCommandBusProperties$JGroupsProperties$Gossip,org.axonframework.springboot.DistributedCommandBusProperties$JGroupsProperties",""
1316,22,"1316,144,65,22",2,"org.axonframework.springboot.DistributedCommandBusProperties,org.axonframework.springboot.DistributedCommandBusProperties$SpringCloudProperties",""
1330,23,"1330,146,20,23",2,"org.axonframework.axonserver.connector.AxonServerConfiguration$PersistentStreamSettings,org.axonframework.springboot.autoconfig.PersistentStreamMessageSourceRegistrar",""
253,23,"253,146,20,23",2,"org.axonframework.axonserver.connector.event.util.EventCipher,org.axonframework.axonserver.connector.event.util.EventStoreClientException",""
268,23,"268,146,20,23",2,"org.axonframework.axonserver.connector.heartbeat.source.GrpcHeartbeatSource,org.axonframework.axonserver.connector.heartbeat.HeartbeatSource",""
409,23,"409,146,20,23",2,"org.axonframework.axonserver.connector.event.axon.PersistentStreamMessageSourceDefinition,org.axonframework.axonserver.connector.event.axon.PersistentStreamMessageSourceFactory",""
1116,23,"1116,53,8,23",2,"org.axonframework.serialization.MavenArtifactRevisionResolver,org.axonframework.util.MavenArtifactVersionResolver",""
1290,23,"1290,135,20,23",2,"org.axonframework.springboot.util.OnMissingQualifiedBeanCondition,org.axonframework.springboot.util.AbstractQualifiedBeanCondition",""
1293,23,"1293,135,20,23",2,"org.axonframework.springboot.util.OnQualifiedBeanCondition,org.axonframework.springboot.util.ConditionalOnQualifiedBean",""
1418,23,"1418,53,8,23",2,"org.axonframework.config.SagaConfigurer,org.axonframework.config.SagaConfigurer$SagaConfigurationImpl",""
255,24,"255,258,21,24",2,"org.axonframework.axonserver.connector.util.ContextAddingInterceptor$1,org.axonframework.axonserver.connector.util.ContextAddingInterceptor",""
190,25,"190,46,1,25",2,"org.axonframework.queryhandling.LoggingQueryInvocationErrorHandler,org.axonframework.queryhandling.LoggingQueryInvocationErrorHandler$Builder",""
432,25,"432,46,1,25",2,"org.axonframework.eventsourcing.DefaultSnapshotterSpanFactory$Builder,org.axonframework.eventsourcing.DefaultSnapshotterSpanFactory",""
860,25,"860,46,1,25",2,"org.axonframework.eventhandling.DefaultEventProcessorSpanFactory$Builder,org.axonframework.eventhandling.DefaultEventProcessorSpanFactory",""
1070,25,"1070,46,1,25",2,"org.axonframework.monitoring.MultiMessageMonitor$1,org.axonframework.monitoring.MultiMessageMonitor",""
1081,25,"1081,46,1,25",2,"org.axonframework.queryhandling.DefaultQueryUpdateEmitterSpanFactory$Builder,org.axonframework.queryhandling.DefaultQueryUpdateEmitterSpanFactory",""
1179,25,"1179,46,1,25",2,"org.axonframework.modelling.command.DefaultRepositorySpanFactory$Builder,org.axonframework.modelling.command.DefaultRepositorySpanFactory",""
