"communityId","artifactCount","packageCount","typeCount","artifactNames","packageNames","typeNames","Source Cypher File: Community_Detection/Which_type_community_spans_several_artifacts_and_how_are_the_types_distributed.cypher"
2,5,23,121,"axon-modelling-4.9.3,axon-disruptor-4.9.3,axon-messaging-4.9.3,axon-eventsourcing-4.9.3,axon-test-4.9.3","command,inspection,legacyjpa,saga,repository,commandhandling,common,caching,jdbc,lock,eventhandling,async,lifecycle,messaging,interceptors,legacyvalidation,unitofwork,queryhandling,eventsourcing,conflictresolution,eventstore,aggregate,matchers","AggregateInvocationException,ConflictingAggregateVersionException,ApplyMore,LockingRepository,GenericJpaRepository$Builder,ConcurrencyException,LockingRepository$Builder,RepositoryProvider,AggregateLifecycle,AggregateEntityNotFoundException,RepositorySpanFactory,ConflictingModificationException,GenericJpaRepository,LockAwareAggregate,LockAwareAggregate$LockSupplier,Aggregate,AggregateScopeDescriptor,Repository,AbstractRepository,AggregateNotFoundException,AbstractRepository$Builder,ForwardingCommandMessageHandlingMember,AnnotatedAggregate,AggregateModel,SagaInstantiationException,SagaCreationException,FirstLevelCache$WeakValue,CommandHandlerInvoker$DisruptorRepository,CommandHandlerInvoker,FirstLevelCache$1,FirstLevelCache,CommandHandlerInvoker$1,AxonNonTransientException,DirectExecutor,Cache,UnitOfWorkAwareConnectionProviderWrapper$UoWAttachedConnection,UnitOfWorkAwareConnectionProviderWrapper$UoWAttachedConnectionImpl,ConnectionWrapperFactory$ConnectionCloseHandler,UnitOfWorkAwareConnectionProviderWrapper,ConnectionWrapperFactory,UnitOfWorkAwareConnectionProviderWrapper$1,ConnectionWrapperFactory$NoOpCloseHandler,LockFactory,NullLockFactory,Lock,NoOpLock,EventBus,AbstractEventBus,DomainEventSequenceAware,AsynchronousEventProcessingStrategy$1,EventProcessorTask,EventProcessorTask$ShutdownCallback,AsynchronousEventProcessingStrategy,AsynchronousEventProcessingStrategy$NoActionCallback,AsynchronousEventProcessingStrategy$SchedulerCleanUp,EventProcessorTask$ProcessingTask,ShutdownLatch$ActivityHandle,ShutdownLatch,ShutdownInProgressException,ExecutionException,Scope,IllegalPayloadAccessException,JSR303ViolationException,RollbackConfigurationType$2,RollbackConfigurationType$1,CurrentUnitOfWork,RollbackConfigurationType$4,UnitOfWork,UnitOfWork$Phase,RollbackConfigurationType,AbstractUnitOfWork,RollbackConfigurationType$3,CompletedEmitterException,AggregateSnapshotter$1,EventCountSnapshotTriggerDefinition$EventCountSnapshotTrigger,CachingEventSourcingRepository,AggregateDeletedException,EventCountSnapshotTriggerDefinition,EventSourcedAggregate$IgnoreApplyMore,AbstractSnapshotter$Builder,AggregateLoadTimeSnapshotTriggerDefinition,AbstractSnapshotter$SilentTask,AbstractSnapshotter$AggregateTypeId,AggregateCacheEntry,AggregateSnapshotter$SnapshotAggregate,AbstractSnapshotter$1,EventSourcingRepository$Builder,GenericAggregateFactory,AbstractSnapshotTrigger,AggregateSnapshotter,AggregateSnapshotter$Builder,AbstractAggregateFactory,AggregateLoadTimeSnapshotTriggerDefinition$AggregateLoadTimeSnapshotTrigger,AbstractSnapshotter,AggregateFactory,EventSourcedAggregate,EventSourcingRepository,SnapshotTriggerDefinition,AbstractSnapshotter$CreateSnapshotTask,IncompatibleAggregateException,SnapshotTrigger,AbstractSnapshotter$RunnableAndFinally,ConflictExceptionSupplier,ConflictResolver,DefaultConflictResolver,ContextAwareConflictExceptionSupplier,NoConflictResolver,ConflictDescription,ConflictResolution,EventStore,StubAggregateLifecycle,StubAggregateLifecycleRule$1,StubAggregateLifecycleRule,AggregateTestFixture$InMemoryRepository,AggregateTestFixture$IdentifierValidatingRepository,StubAggregateLifecycle$1,StubAggregateLifecycleExtension,MatcherExecutionException",""
6,5,15,131,"axon-modelling-4.9.3,axon-disruptor-4.9.3,axon-messaging-4.9.3,axon-eventsourcing-4.9.3,axon-test-4.9.3","command,commandhandling,callbacks,distributed,commandfilter,gateway,common,messaging,annotation,monitoring,eventsourcing,saga,utils","VersionedAggregateIdentifier,AnnotationCommandTargetResolver,AggregateAnnotationCommandHandler$Builder,AggregateAnnotationCommandHandler$AggregateConstructorCommandHandler,AggregateAnnotationCommandHandler$AlwaysCreateAggregateCommandHandler,AggregateAnnotationCommandHandler,CreationPolicy,CommandTargetResolver,MetaDataCommandTargetResolver,TargetAggregateIdentifier,IdentifierMissingException,NoArgumentConstructorCreationPolicyAggregateFactory,AnnotationCommandTargetResolver$Builder,AggregateAnnotationCommandHandler$AggregateCommandHandler,CreationPolicyAggregateFactory,AggregateAnnotationCommandHandler$AggregateCreateOrUpdateCommandHandler,AggregateAnnotationCommandHandler$1,AggregateCreationPolicy,TargetAggregateVersion,DisruptorCommandBus$DisruptorRepository,EventPublisher$1,DisruptorCommandBus$FailureLoggingCommandCallback,DisruptorCommandBus$1,CommandHandlingEntry$RepeatingCommandHandler,DisruptorCommandBus,CommandHandlingEntry,EventPublisher$ReportResultTask,DisruptorCommandBus$ExceptionHandler,AggregateBlacklistedException,BlacklistDetectingCallback,EventPublisher,DisruptorUnitOfWork,CommandHandlingEntry$1,DisruptorCommandBus$Builder,AsynchronousCommandBus$Builder,CommandCallback,FailingDuplicateCommandHandlerResolver,DefaultCommandBusSpanFactory$Builder,AsynchronousCommandBus,NoHandlerForCommandException,DuplicateCommandHandlerSubscriptionException,GenericCommandResultMessage,CommandMessage,WrappedCommandCallback,CommandResultMessage,SimpleCommandBus,SimpleCommandBus$Builder,DuplicateCommandHandlerResolver,DuplicateCommandHandlerResolution,CommandBusSpanFactory,LoggingDuplicateCommandHandlerResolver,CommandBus,MonitorAwareCallback,CommandMessageHandler,DefaultCommandBusSpanFactory,LoggingCallback,NoOpCallback,FutureCallback,FailureLoggingCallback,MetaDataRoutingStrategy$Builder,ConsistentHash,MetaDataRoutingStrategy,CommandCallbackWrapper,CommandBusConnector,UnresolvedRoutingKeyPolicy,AbstractRoutingStrategy,ConsistentHash$1,CommandDispatchException,Member,CommandBusConnectorCommunicationException,CommandMessageFilter,ConsistentHashChangeListener,DistributedCommandBus,SimpleMember,RoutingStrategy,ConsistentHash$ConsistentHashMember,DistributedCommandBus$Builder,CommandCallbackRepository,CommandRouter,AcceptAll,AndCommandMessageFilter,DenyAll,NegateCommandMessageFilter,OrCommandMessageFilter,CommandNameFilter,DenyCommandNameFilter,CommandGatewayFactory$WaitForResultWithFixedTimeout,RetryingCallback$RetryDispatch,CommandGatewayFactory$TypeSafeCallbackWrapper,CommandGatewayFactory$WaitForResultWithTimeoutInArguments,RetryingCallback$1,CommandGatewayFactory$WrapNonDeclaredCheckedExceptions,DefaultCommandGateway$Builder,CommandGatewayFactory,CommandGatewayFactory$GatewayInvocationHandler,AbstractCommandGateway$Builder,RetryingCallback,CommandGatewayFactory$GatewayInvocationHandler$Builder,Timeout,CommandGatewayFactory$Builder,RetryScheduler,CommandGatewayFactory$WaitForResult,CommandGatewayFactory$CompositeCallback,CommandGatewayFactory$DispatchOnInvocationHandler,AbstractCommandGateway,CommandGatewayFactory$FireAndForget,CommandGatewayFactory$InvocationHandler,CommandGatewayFactory$1,CommandGatewayFactory$MetaDataExtractor,CommandGatewayFactory$DispatchOnInvocationHandler$Builder,DefaultCommandGateway,Registration,AxonThreadFactory,AbstractEventGateway$Builder,DefaultEventGateway,AbstractEventGateway,DefaultEventGateway$Builder,MessageHandler,MessageDispatchInterceptor,MetaDataValue,MessageMonitor,NoSnapshotTriggerDefinition$1,NoSnapshotTriggerDefinition,NoSnapshotTriggerDefinition$NoSnapshotTrigger,SagaTestFixture$StubAwareCommandGatewayFactory,SagaTestFixture$ReturnResultFromStub,SagaTestFixture$StubAwareCommandGatewayFactory$Builder,CommandValidator,RecordingCommandBus,DefaultCallbackBehavior,CallbackBehavior",""
7,5,23,91,"axon-modelling-4.9.3,axon-configuration-4.9.3,axon-messaging-4.9.3,axon-eventsourcing-4.9.3,axon-test-4.9.3","inspection,saga,repository,config,gateway,common,jpa,legacyjpa,deadline,eventhandling,async,pooled,lifecycle,messaging,correlation,deadletter,interceptors,unitofwork,event,util,eventsourcing,server","AggregateMetaModelFactory,ResourceInjector,NoResourceInjector,DefaultConfigurer$LifecycleState,AxonIQConsoleModule,EventProcessingModule,LifecycleHandlerInspector$LifecycleRegistration,LifecycleHandlerInspector,ProcessingGroup,Configuration$1,EventProcessingModule$InstanceToTypeProcessingGroupSelectorAdapter,SagaConfigurer,LifecycleHandlerInspector$1,MessageMonitorFactory,EventProcessingModule$1,DefaultConfigurer$ConfigurationImpl,ConfigurerModule,DefaultConfigurer$1,EventProcessingConfigurer$PooledStreamingProcessorConfiguration,ConfigurationResourceInjector,ConfigurationParameterResolverFactory,EventProcessingModule$ProcessingGroupSelector,EventProcessingConfigurer$EventProcessorBuilder,SagaConfigurer$SagaConfigurationImpl,EventProcessingConfiguration,Component,EventProcessingModule$TypeProcessingGroupSelector,Configurer,SagaConfiguration,MessageHandlerRegistrar,TagsConfiguration,ConfigurationScopeAwareProvider,LifecycleHandler,DefaultConfigurer,EventProcessingConfigurer,LifecycleOperations,ModuleConfiguration,AggregateConfigurer,AggregateConfiguration,EventProcessingModule$InstanceProcessingGroupSelector,MessageMonitorFactoryBuilder,Configuration,CommandGateway,Assert,SimpleEntityManagerProvider,DeadlineManager,ErrorContext,PropagatingErrorHandler,ListenerInvocationErrorHandler,SubscribingEventProcessor,EventHandlerInvoker,EventProcessorSpanFactory,TrackingEventProcessor$Builder,MultiEventHandlerInvoker,AbstractEventProcessor$Builder,EventProcessor,TrackingEventProcessorConfiguration,EventBusSpanFactory,EventProcessingException,ErrorHandler,EventProcessingStrategy,DirectEventProcessingStrategy,AbstractEventProcessor,SubscribingEventProcessor$Builder,SequencingPolicy,SequentialPolicy,EventGateway,PooledStreamingEventProcessor$Builder,Lifecycle$LifecycleHandler,LifecycleHandlerInvocationException,Lifecycle$LifecycleRegistry,Lifecycle,StreamableMessageSource,SubscribableMessageSource,MessageHandlerInterceptor,Distributed,MessageDispatchInterceptorSupport,ScopeAwareProvider,MessageHandlerInterceptorSupport,CorrelationDataProvider,MultiCorrelationDataProvider,EnqueuePolicy,CorrelationDataInterceptor,RollbackConfiguration,EventUpcasterChain,HandlerTypeResolver,SnapshotterSpanFactory,Snapshotter,AxonServerContainerUtils,AxonServerContainer",""
0,4,26,187,"axon-modelling-4.9.3,axon-messaging-4.9.3,axon-eventsourcing-4.9.3,axon-test-4.9.3","command,commandhandling,common,transaction,deadline,dbscheduler,jobrunr,quartz,eventhandling,replay,messaging,annotation,correlation,interceptors,legacyvalidation,responsetypes,unitofwork,monitoring,queryhandling,registration,tracing,attributes,util,eventsourcing,test,matchers","DefaultRepositorySpanFactory,CommandHandlerInterceptor,DefaultRepositorySpanFactory$Builder,CurrentUnitOfWorkParameterResolverFactory,CommandHandler,CommandExecutionException,GenericCommandMessage,Priority,NoTransactionManager$1,NoTransactionManager,DeadlineException,SimpleDeadlineManager$Builder,DeadlineManagerSpanFactory,DefaultDeadlineManagerSpanFactory$Builder,DefaultDeadlineManagerSpanFactory,SimpleDeadlineManager,SimpleDeadlineManager$DeadlineTask,SimpleDeadlineManager$1,SimpleDeadlineManager$DeadlineId,DbSchedulerDeadlineManager$Builder,DbSchedulerDeadlineToken,DbSchedulerDeadlineManagerSupplier,DeadlineManagerNotSuppliedException,DbSchedulerDeadlineManager,JobRunrDeadlineManager$Builder,JobRunrDeadlineManager,QuartzDeadlineManager,DeadlineJob,QuartzDeadlineManager$Builder,Timestamp,TimestampParameterResolverFactory,SequenceNumberParameterResolverFactory,ReplayStatus,DefaultEventBusSpanFactory$Builder,ResetHandler,SequenceNumberParameterResolverFactory$SequenceNumberParameterResolver,ConcludesBatch,ConcludesBatchParameterResolverFactory,DefaultEventProcessorSpanFactory,DefaultEventProcessorSpanFactory$Builder,TimestampParameterResolverFactory$TimestampParameterResolver,SequenceNumber,DefaultEventBusSpanFactory,GenericResetContext,ReplayParameterResolverFactory,ReplayContextParameterResolverFactory,ReplayParameterResolverFactory$ReplayParameterResolver,ResetContext,ReplayContext,ReplayParameterResolverFactory$1,ReplayContextParameterResolverFactory$ReplayContextParameterResolver,Message,HandlerAttributes,DefaultInterceptorChain,ResultMessage,ScopeAware,GenericResultMessage,MessageDecorator,ScopeDescriptor,SimpleHandlerAttributes,NoScopeDescriptor,HandlerExecutionException,DefaultParameterResolverFactory$AnnotatedMetaDataParameterResolver,PayloadParameterResolver,DefaultParameterResolverFactory$MetaDataParameterResolver,AnnotatedMessageHandlingMember,SimpleResourceParameterResolverFactory,AggregateTypeParameterResolverFactory$AggregateTypeParameterResolver,DefaultParameterResolverFactory,AbstractAnnotatedParameterResolverFactory,AggregateType,ScopeDescriptorParameterResolverFactory$ScopeDescriptorParameterResolver,AnnotatedMessageHandlingMemberDefinition,ParameterResolver,FixedValueParameterResolver,MessageIdentifierParameterResolverFactory,AggregateTypeParameterResolverFactory,MessageHandler,MessageIdentifierParameterResolverFactory$MessageIdentifierParameterResolver,MessageIdentifier,ScopeDescriptorParameterResolverFactory,ScopeDescriptorParameterResolverFactory$1,AnnotatedHandlerAttributes,SourceIdParameterResolverFactory,SourceId,DefaultParameterResolverFactory$MessageParameterResolver,SourceIdParameterResolverFactory$SourceIdParameterResolver,MessageOriginProvider,SimpleCorrelationDataProvider,MessageHandlerInterceptor,BeanValidationInterceptor,ExceptionHandler,LoggingInterceptor,PublisherResponseType,InstanceResponseType,ResponseTypes,AbstractResponseType,ResponseType,OptionalResponseType,ConvertingResponseMessage,MultipleInstancesResponseType,BatchingUnitOfWork,DefaultUnitOfWork,ExecutionResult,MessageProcessingContext,NoOpMessageMonitorCallback,MessageMonitor$MonitorCallback,NoOpMessageMonitor,MultiMessageMonitor,MultiMessageMonitor$1,SubscriptionQueryUpdateMessage,QueryUpdateEmitter,QueryExecutionException,SinksManyWrapper,UpdateHandlerRegistration,SimpleQueryBus$MonitorCallbackContextWriter,QueryBus$1,SimpleQueryBus$Builder,SimpleQueryUpdateEmitter$Builder,SimpleQueryBus$1,StreamingQueryMessage,SubscriptionQueryBackpressure,NoHandlerForQueryException,QueryBusSpanFactory,LoggingQueryInvocationErrorHandler,FluxSinkWrapper,SimpleQueryBus$SuccessReporter,QueryResponseMessage,GenericSubscriptionQueryUpdateMessage,QueryMessage,SimpleQueryBus$CatchLastError,DefaultSubscriptionQueryResult,QueryInvocationErrorHandler,GenericQueryResponseMessage,QueryHandler,DefaultQueryUpdateEmitterSpanFactory,DefaultQueryBusSpanFactory,GenericQueryMessage,QuerySubscription,DefaultQueryBusSpanFactory$Builder,SubscriptionQueryResult,DefaultQueryUpdateEmitterSpanFactory$Builder,GenericStreamingQueryMessage,SubscriptionQueryMessage,QueryGateway,GenericSubscriptionQueryMessage,DefaultQueryGateway,QueryUpdateEmitterSpanFactory,DefaultQueryGateway$Builder,QueryBus,LoggingQueryInvocationErrorHandler$Builder,SimpleQueryBus$ErrorIfComplete,SimpleQueryUpdateEmitter,SinkWrapper,SimpleQueryBus,DuplicateQueryHandlerResolver,DuplicateQueryHandlerSubscriptionException,LoggingDuplicateQueryHandlerResolver,FailingDuplicateQueryHandlerResolver,DuplicateQueryHandlerResolution,SpanAttributesProvider,LoggingSpanFactory,SpanUtils,MultiSpanFactory,SpanFactory,Span,NoOpSpanFactory$NoOpSpan,SpanScope,LoggingSpanFactory$Slf4jSpan,NestingSpanFactory$Builder,LoggingSpanFactory$Slf4jSpan$Slf4jSpanScope,LoggingSpanFactory$1,NoOpSpanFactory,MultiSpanFactory$MultiSpan,NestingSpanFactory,PayloadTypeSpanAttributesProvider,MessageIdSpanAttributesProvider,MetadataSpanAttributesProvider,MessageTypeSpanAttributesProvider,MessageNameSpanAttributesProvider,ClasspathResolver,DefaultSnapshotterSpanFactory,DefaultSnapshotterSpanFactory$Builder,FixtureResourceParameterResolverFactory$FailingParameterResolver,FixtureResourceParameterResolverFactory,PayloadsMatcher",""
1,4,23,121,"axon-modelling-4.9.3,axon-messaging-4.9.3,axon-eventsourcing-4.9.3,axon-test-4.9.3","command,inspection,saga,metamodel,commandhandling,distributed,common,annotation,digest,property,eventhandling,replay,lifecycle,messaging,interceptors,queryhandling,tracing,eventsourcing,jpa,matchers","AggregateRoot,AggregateVersion,ForwardNone,EntityId,AggregateMember,ForwardMatchingInstances,ForwardToAll,ForwardingMode,AggregateIdentifier,AnnotatedCommandHandlerInterceptor,MethodCommandHandlerInterceptorDefinition$MethodCommandHandlerInterceptorHandlingMember,EntityModel,AggregateMemberAnnotatedChildEntityCollectionDefinition,MethodCommandHandlerInterceptorDefinition,MethodCreationPolicyDefinition$MethodCreationPolicyHandlingMember,AggregateModellingException,AnnotatedAggregateMetaModelFactory$AnnotatedAggregateModel,MethodCreationPolicyDefinition,ChildEntityDefinition,ChildEntity,AnnotatedChildEntity,MethodCommandHandlerInterceptorDefinition$1,MethodCreationPolicyDefinition$1,AggregateMemberAnnotatedChildEntityDefinition,AggregateMemberAnnotatedChildEntityMapDefinition,ChildForwardingCommandMessageHandlingMember,CommandHandlerInterceptorHandlingMember,CreationPolicyMember,AnnotatedAggregateMetaModelFactory,AbstractChildEntityDefinition,SagaEventHandler,EndSaga,PayloadAssociationResolver,EndSagaMessageHandlerDefinition$EndSageMessageHandlingMember,AbstractResourceInjector,EndSagaMessageHandlerDefinition,StartSaga,AnnotationSagaMetaModelFactory$InspectedSagaModel,CommandMessageHandlingMember,MethodCommandHandlerDefinition,MethodCommandHandlerDefinition$MethodCommandMessageHandlingMember,AnnotationCommandHandlerAdapter,RoutingKey,MethodCommandHandlerDefinition$1,AnnotationRoutingStrategy,AnnotationRoutingStrategy$RoutingKeyResolver,AnnotationRoutingStrategy$Builder,TypeReflectionUtils,TypeReflectionUtils$VarMap,ExceptionUtils,IdentifierValidator,ListUtils,TypeReflectionUtils$VarMap$ParameterizedTypeImpl,MemberAccessibilityCallback,AxonConfigurationException,ReflectionUtils,TypeReflectionUtils$VarMap$UnresolvedTypeVariableException,AnnotationUtils,PriorityAnnotationComparator,Digester,PropertyAccessStrategy,BeanPropertyAccessStrategy,MethodAccessedProperty,PropertyAccessException,Property,AbstractMethodPropertyAccessStrategy,DirectlyAccessedProperty,UniformPropertyAccessStrategy,DirectPropertyAccessStrategy,DeadlineMethodMessageHandlerDefinition$1,DeadlineHandlingMember,DeadlineMethodMessageHandlerDefinition,DeadlineMethodMessageHandlerDefinition$DeadlineMethodMessageHandlingMember,AnnotationEventHandlerAdapter,DisallowReplay,EventHandler,AllowReplay,ReplayAwareMessageHandlerWrapper,ReplayAwareMessageHandlerWrapper$ReplayBlockingMessageHandlingMember,ShutdownHandler,StartHandler,InterceptorChain,MessageInterceptingMember,MessageHandlingMember,MultiHandlerDefinition,HandlerComparator,NoMoreInterceptors,AnnotatedHandlerInspector$ChainedMessageHandlerInterceptorMember,ResultParameterResolverFactory$ExceptionResultParameterResolver,WrappedMessageHandlingMember,HandlerEnhancerDefinition,UnsupportedHandlerException,MessageHandlerInterceptorDefinition$InterceptedMessageHandlingMember,AnnotatedHandlerInspector$1,MultiParameterResolverFactory,ClasspathHandlerEnhancerDefinition,ResultParameterResolverFactory$1,MessageHandlerInterceptorDefinition,HandlerDefinition,AnnotatedHandlerInspector,ClasspathParameterResolverFactory,ResultParameterResolverFactory,ClasspathHandlerDefinition,ParameterResolverFactory,MultiHandlerEnhancerDefinition,HasHandlerAttributes,MessageHandlerInterceptorDefinition$ResultHandlingInterceptorMember,MessageHandlerInterceptorMemberChain,InterceptorChainParameterResolverFactory,ResultHandler,QueryHandlerAdapter,AnnotationQueryHandlerAdapter,QueryHandlingMember,MethodQueryMessageHandlerDefinition$MethodQueryMessageHandlingMember,MethodQueryMessageHandlerDefinition,TracingHandlerEnhancerDefinition,TracingHandlerEnhancerDefinition$Builder,TracingHandlerEnhancerDefinition$1,EventSourcingHandler,SQLErrorCodesResolver,NonTransientFieldsFilter",""
4,4,22,96,"axon-configuration-4.9.3,axon-messaging-4.9.3,axon-eventsourcing-4.9.3,axon-modelling-4.9.3","config,distributed,gateway,common,jdbc,jpa,legacyjpa,eventhandling,async,deadletter,interceptors,java,quartz,messaging,annotation,snapshotting,command,saga","EventProcessingConfigurer$DeadLetteringInvokerConfiguration,ServiceRegistryException,AxonNonTransientExceptionClassesPredicate,IntervalRetryScheduler$Builder,AbstractRetryScheduler$Builder,AbstractRetryScheduler,ExponentialBackOffIntervalRetryScheduler$Builder,NonTransientExceptionClassesPredicate,IntervalRetryScheduler,ExponentialBackOffIntervalRetryScheduler,StringUtils,AxonException,BuilderUtils,ProcessUtils,ObjectUtils,DateTimeUtils,ProcessRetriesExhaustedException,JdbcException,PagingJpaQueryIterable,PagingJpaQueryIterable$PagingIterator,EventMessageHandler,SimpleEventHandlerInvoker$Builder,TransactionMethodExecutionException,LoggingErrorHandler,SimpleEventHandlerInvoker,EventMessage,FullConcurrencyPolicy,PropertySequencingPolicy$Builder,SequentialPerAggregatePolicy,PropertySequencingPolicy,PropertySequencingPolicy$Builder$ExceptionRaisingSequencingPolicy,PropertySequencingPolicy$1,DeadLetteringEventHandlerInvoker$1,DeadLetteringEventHandlerInvoker,DeadLetteringEventHandlerInvoker$Builder,SequenceIdentifierCache,DeadLetteredEventProcessingTask,DeadLetterStatementFactory,JdbcSequencedDeadLetterQueue,DefaultDeadLetterStatementFactory,JdbcSequencedDeadLetterQueue$Builder,DeadLetterTableFactory,DeadLetterSchema$Builder,JdbcSequencedDeadLetterQueue$1,DeadLetterSchema,DefaultDeadLetterJdbcConverter$Builder,DefaultDeadLetterStatementFactory$Builder,DefaultDeadLetterJdbcConverter,GenericDeadLetterTableFactory,JdbcDeadLetter,DeadLetterJdbcConverter,JpaSequencedDeadLetterQueue$Builder,DeadLetterEntry,JpaSequencedDeadLetterQueue$1,JpaDeadLetter,NoJpaConverterFoundException,JpaSequencedDeadLetterQueue,DeadLetterJpaConverter,EventLoggingInterceptor,SimpleEventScheduler$PublishEventTask,SimpleEventScheduler,SimpleEventScheduler$Builder,SimpleScheduleToken,FireEventJob,EventPublicationFailedException,MessageHandlerInvocationException,Decisions,Cause,DeadLetter,SequencedDeadLetterQueue,DeadLetterParameterResolverFactory$DeadLetterParameterResolver,NoSuchDeadLetterException,DeadLetterParameterResolverFactory,GenericDeadLetter,InMemorySequencedDeadLetterQueue,InMemorySequencedDeadLetterQueue$Builder,DoNotEnqueue,WrongDeadLetterTypeException,DeadLetterQueueOverflowException,EnqueueDecision,Ignore,ThrowableCause,SequencedDeadLetterProcessor,ShouldEnqueue,RevisionSnapshotFilter$Builder,RevisionSnapshotFilter,AggregateRolledBackException,AggregateStreamCreationException,MetaDataAssociationResolver",""
3,3,24,108,"axon-messaging-4.9.3,axon-eventsourcing-4.9.3,axon-modelling-4.9.3","distributed,common,deadline,dbscheduler,jobrunr,quartz,eventhandling,jpa,legacyjpa,scheduling,messaging,serialization,converters,json,upcasting,event,xml,eventsourcing,eventstore,inspection","DispatchMessage,ReplyMessage,IdentifierFactory,DefaultIdentifierFactory,GenericDeadlineMessage,DbSchedulerHumanReadableDeadlineDetails,DbSchedulerBinaryDeadlineDetails,LabelUtils,DeadlineDetails,DeadlineJob$DeadlineJobDataBinder,AbstractEventEntry,GenericEventMessage,GenericTrackedDomainEventMessage,AbstractDomainEventEntry,GenericDomainEventMessage,EventUtils,AbstractSequencedDomainEventEntry,GenericTrackedEventMessage,EventData,DeadLetterEventEntry,EventMessageDeadLetterJpaConverter,JobRunrScheduleToken,JobRunrEventScheduler,JobRunrEventScheduler$Builder,QuartzScheduleToken,QuartzEventScheduler$Builder,QuartzEventScheduler,EventJobDataBinder,QuartzEventScheduler$DirectEventJobDataBinder,SchedulingException,ScheduleToken,EventScheduler,DbSchedulerEventSchedulerSupplier,DbSchedulerScheduleToken,EventSchedulerNotSuppliedException,DbSchedulerBinaryEventData,DbSchedulerHumanReadableEventData,DbSchedulerEventScheduler,DbSchedulerEventScheduler$Builder,MetaData$1,AbstractMessage,MetaData$MetaDataCollector,MetaData,RemoteExceptionDescription,RemoteNonTransientHandlingException,GenericMessage,RemoteHandlingException,Converter,SimpleSerializedObject,ChainingConverter,SerializedMessage,UnknownSerializedType,AbstractXStreamSerializer$Builder,AbstractXStreamSerializer,SerializationException,JavaSerializer,SerializedMetaData,SerialVersionUIDRevisionResolver,ChainedConverter$Route,AnnotationRevisionResolver,CachingSupplier,ChainedConverter$1,RevisionResolver,LazyDeserializingObject,SimpleSerializedType,ContentTypeConverter,ChainedConverter$RouteCalculator,SerializedObjectHolder,Revision,SerializedType,AbstractXStreamSerializer$MetaDataConverter,JavaSerializer$Builder,FixedValueRevisionResolver,CannotConvertBetweenTypesException,Serializer,SerializedObject,ChainedConverter,ByteArrayToStringConverter,ByteArrayToInputStreamConverter,InputStreamToByteArrayConverter,StringToByteArrayConverter,BlobToInputStreamConverter,ObjectNodeToJsonNodeConverter,JsonNodeToByteArrayConverter,JacksonSerializer,JsonNodeToObjectNodeConverter,ByteArrayToJsonNodeConverter,JacksonSerializer$Builder,MetaDataDeserializer,SingleEntryUpcaster,EventTypeUpcaster$Builder,SingleEventUpcaster,InitialEventRepresentation,EventTypeUpcaster,IntermediateEventRepresentation,UpcastedEventRepresentation,XStreamSerializer,InputStreamToXomConverter,CompactDriver,XomToStringConverter,Dom4JToByteArrayConverter,InputStreamToDom4jConverter,XStreamSerializer$Builder,EventStreamUtils,EqualRevisionPredicate,AnnotatedAggregate$LazyIdentifierDomainEventMessage,AbstractSagaEntry",""
5,3,10,64,"axon-modelling-4.9.3,axon-messaging-4.9.3,axon-test-4.9.3","saga,deadline,annotation,test,aggregate,matchers,utils,eventscheduler","SimpleResourceInjector,DeadlineMessage,AbstractDeadlineManager,DeadlineHandler,FixtureExecutionException,AxonAssertionError,TestExecutor,ResultValidator,AggregateTestFixture$DefaultRepositoryProvider,ResultValidatorImpl,AggregateTestFixture,AggregateTestFixture$1,Reporter,AggregateTestFixture$CreationalRepository,FixtureConfiguration,AggregateTestFixture$ComparationEntry,AggregateTestFixture$ExecutionExceptionAwareCallback,AllFieldsFilter,Matchers,NonStaticFieldsFilter,PredicateMatcher,ListMatcher,EmptyCollectionMatcher,SequenceMatcher,FieldFilter,MapEntryMatcher,EqualsMatcher,MatchAllFieldFilter,PayloadMatcher,DeepEqualsMatcher,NullOrVoidMatcher,IgnoreField,ExactClassMatcher,EqualFieldsMatcher,ListWithAllOfMatcher,ExactSequenceMatcher,ListWithAnyOfMatcher,MapEntryMatcher$Matching,EventValidator,DescriptionUtils,GivenAggregateEventPublisher,SagaTestFixture$TransienceValidatingResourceInjector,SagaTestFixture$WrappingResourceInjector,FixtureExecutionResult,WhenAggregateEventPublisher,WhenState,SagaTestFixture$1,RecordingListenerInvocationErrorHandler,SagaTestFixture$MutableFieldFilter,SagaTestFixture$AggregateEventPublisherImpl,SagaTestFixture,ContinuedGivenState,FixtureExecutionResultImpl,AutowiredResourceInjector,DeadlineManagerValidator,ScheduledDeadlineInfo,StubDeadlineManager,DeadlineConsumer,StubScheduleToken,EventConsumer,ScheduledItem,EventSchedulerValidator,StubEventScheduler",""
8,3,19,84,"axon-messaging-4.9.3,axon-eventsourcing-4.9.3,axon-test-4.9.3","common,jdbc,transaction,eventhandling,messaging,interceptors,serialization,upcasting,event,attributes,eventsourcing,conflictresolution,eventstore,statements,jpa,legacyjpa,snapshotting,aggregate","CollectionUtils,PersistenceExceptionResolver,TransactionManager,Transaction,GenericDomainEventEntry,TrackedEventData,DomainEventMessage,TrackedDomainEventData,DomainEventData,GapAwareTrackingToken,Headers,TransactionManagingInterceptor,GapAwareTrackingTokenConverter,GapAwareTrackingTokenConverter$ReflectivelyConstructedGapSetConverter,GenericUpcasterChain,SingleEntryMultiUpcaster,ContextAwareSingleEntryUpcaster,ContextAwareSingleEntryMultiUpcaster,Upcaster,ContextAwareEventMultiUpcaster,NoOpEventUpcaster,EventUpcaster,EventMultiUpcaster,ContextAwareSingleEventUpcaster,AggregateIdentifierSpanAttributesProvider,FilteringEventStorageEngine,DefaultConflictDescription,Conflicts,SequenceEventStorageEngine$ConcatenatingDomainEventStream,AbstractEventStorageEngine,BatchingEventStorageEngine$Builder,IteratorBackedDomainEventStream,ConcatenatingDomainEventStream,EventStorageEngine,AbstractEventStore,AbstractSnapshotEventEntry$PK,DomainEventStream$2,EventStoreException,DomainEventStream,BatchingEventStorageEngine,DomainEventStream$1,FilteringDomainEventStream,BatchingEventStorageEngine$EventStreamSpliterator,AbstractEventStorageEngine$Builder,AbstractSnapshotEventEntry,SequenceEventStorageEngine,BatchingEventStorageEngine$1,EventSchema,HsqlEventTableFactory,JdbcEventStorageEngine,EventSchema$1,EventSchema$Builder,MySqlEventTableFactory,JdbcEventStorageEngine$1,JdbcEventStorageEngine$Builder,AbstractEventTableFactory,Oracle11EventTableFactory,EventTableFactory,PostgresEventTableFactory,JdbcSQLErrorCodesResolver,DeleteSnapshotsStatementBuilder,FetchTrackedEventsStatementBuilder,CleanGapsStatementBuilder,CreateHeadTokenStatementBuilder,TimestampWriter,JdbcEventStorageEngineStatements,ReadSnapshotDataStatementBuilder,AppendSnapshotStatementBuilder,CreateTailTokenStatementBuilder,ReadEventDataWithoutGapsStatementBuilder,ReadEventDataWithGapsStatementBuilder,CreateTokenAtStatementBuilder,AppendEventsStatementBuilder,LastSequenceNumberForStatementBuilder,ReadEventDataForAggregateStatementBuilder,JpaEventStorageEngine$Builder,DomainEventEntry,JpaEventStorageEngine,SQLStateResolver,SnapshotEventEntry,SnapshotFilter,AggregateTestFixture$RecordingEventStore",""
10,3,8,50,"axon-modelling-4.9.3,axon-messaging-4.9.3,axon-test-4.9.3","saga,metamodel,repository,inmemory,jpa,legacyjpa,eventhandling","AssociationValue,AssociationValues,SagaMethodMessageHandlerDefinition,AnnotatedSagaManager,SagaCreationPolicy,SagaExecutionException,AbstractSagaManager,Saga,AssociationResolver,SagaMethodMessageHandlingMember,SagaScopeDescriptor,SagaManagerSpanFactory,AnnotatedSagaManager$Builder,AssociationValuesImpl,DefaultSagaManagerSpanFactory,SagaRepository,AbstractSagaManager$Builder,AnnotatedSaga,SagaLifecycle,SagaInitializationPolicy,DefaultSagaManagerSpanFactory$Builder,SagaMetaModelFactory,AnnotationSagaMetaModelFactory,SagaModel,LockingSagaRepository,LockingSagaRepository$Builder,AssociationValueMap$1,SagaStore$Entry,CachingSagaStore$CacheEntry,AssociationValueMap$AssociationValueComparator,SagaStore,AnnotatedSagaRepository$Builder,AssociationValueMap$SagaAssociationValue,CachingSagaStore$Builder,CachingSagaStore,AssociationValueMap,AnnotatedSagaRepository,InMemorySagaStore$ManagedSaga,InMemorySagaStore,SagaEntry,JpaSagaStore$Builder,JpaSagaStore$EntryImpl,JpaSagaStore,AssociationValueEntry,SerializedSaga,ResetNotSupportedException,RepositoryContentValidator",""
11,3,11,38,"axon-disruptor-4.9.3,axon-messaging-4.9.3,axon-modelling-4.9.3","commandhandling,common,jdbc,jpa,legacyjpa,tokenstore,saga","AggregateStateCorruptedException,AxonTransientException,JdbcUtils$SqlResultConverter,JdbcUtils$SqlFunction,PagingJdbcIterable$PagingIterator,ConnectionProvider,DataSourceConnectionProvider,PagingJdbcIterable$PagingStatementSupplier,PagingJdbcIterable,JdbcUtils,EntityManagerProvider,UnableToRetrieveIdentifierException,UnableToInitializeTokenException,ConfigToken,AbstractTokenEntry,GenericTokenEntry,UnableToClaimTokenException,TokenSchema$Builder,GenericTokenTableFactory,TokenSchema,PostgresTokenTableFactory,TokenSchema$1,JdbcTokenStore,JdbcTokenStore$Builder,TokenTableFactory,Oracle11TokenTableFactory,TokenEntry$PK,JpaTokenStore$Builder,TokenEntry,JpaTokenStore,SagaStorageException,SagaSqlSchema,JdbcSagaStore$EntryImpl,JdbcSagaStore,JdbcSagaStore$Builder",""
9,2,12,88,"axon-eventsourcing-4.9.3,axon-messaging-4.9.3","eventsourcing,eventstore,inmemory,legacyjpa,io,stream,eventhandling,pooled,tokenstore,serialization,util","MultiStreamableMessageSource$Builder,MultiStreamableMessageSource,EmbeddedEventStore$Node,EmbeddedEventStore$1,EmbeddedEventStore,EmbeddedEventStore$Builder,AbstractEventStore$Builder,EmbeddedEventStore$EventConsumer,SequenceEventStorageEngine$ConcatenatingSpliterator,EmbeddedEventStore$EventProducer,EmbeddedEventStore$Cleaner,InMemoryEventStorageEngine$MapEntrySpliterator,InMemoryEventStorageEngine,SQLErrorCodesResolver,IOUtils,StreamUtils$1,BlockingStream,StreamUtils,TrackingTokenParameterResolverFactory$1,TrackingEventProcessor$TrackingSegmentWorker,EventTrackerStatus,WrappedTrackerStatus,WrappedToken,MultiStreamableMessageSource$MultiSourceBlockingStream,ReplayToken,TrackingEventProcessor$1,TrackingTokenParameterResolverFactory,TrackingEventProcessor$SplitSegmentInstruction,EventTrackerStatusChangeListener,MultiStreamableMessageSource$SourceIdAwareBlockingStream,TrackingTokenParameterResolverFactory$TrackingTokenParameterResolver,TrackerStatus,MergedTrackingToken,TrackingEventProcessor$WrappedMessageStream,MultiStreamableMessageSource$IdentifiedStreamableMessageSource,MultiSourceTrackingToken,SimpleEventBus$Builder,TrackingEventProcessor$State,StreamingEventProcessor,RemovedTrackerStatus,TrackedEventMessage,GlobalSequenceTrackingToken,TrackingEventStream,TrackingEventProcessor$MergeSegmentInstruction,TrackingToken,TrackingEventProcessor$Worker,TrackingEventProcessor$WorkerLauncher,AddedTrackerStatus,TrackingEventProcessor$ClaimSegmentInstruction,SimpleEventBus,AbstractEventBus$Builder,TrackingEventProcessor$Instruction,TrackingEventProcessor,Segment,Coordinator$NoToken,WorkPackage$EventFilter,WorkPackage$ProcessingEntry,Coordinator$Builder,WorkPackage$BatchProcessingEntry,WorkPackage$DefaultProcessingEntry,Coordinator$1,WorkPackage,Coordinator$EventFilter,WorkPackage$BatchProcessor,CoordinatorTask,Coordinator$RunState,WorkPackage$Builder,MergeTask,PooledStreamingEventProcessor,SplitTask,ClaimTask,WorkPackage$1,Coordinator$CoordinationTask,Coordinator,TokenStore,InMemoryTokenStore,InMemoryTokenStore$ProcessAndSegment,MavenArtifactRevisionResolver,MavenArtifactVersionResolver",""
13,2,2,7,"axon-messaging-4.9.3,axon-modelling-4.9.3","jdbc","Oracle11Utils,PostgresSagaSqlSchema,SagaSchema$Builder,GenericSagaSqlSchema,Oracle11SagaSqlSchema,HsqlSagaSqlSchema,SagaSchema",""
